[20Aug2025 21:19:14.844] [main/INFO] [cpw.mods.modlauncher.Launcher/MODLAUNCHER]: ModLauncher running: args [--launchTarget, forgeserver, --fml.forgeVersion, 47.3.7, --fml.mcVersion, 1.20.1, --fml.forgeGroup, net.minecraftforge, --fml.mcpVersion, 20230612.114412, nogui]
[20Aug2025 21:19:14.848] [main/INFO] [cpw.mods.modlauncher.Launcher/MODLAUNCHER]: ModLauncher 10.0.9+10.0.9+main.dcd20f30 starting: java version 17.0.16 by Ubuntu; OS Linux arch amd64 version 6.8.0-1030-azure
[20Aug2025 21:19:14.881] [main/DEBUG] [cpw.mods.modlauncher.LaunchServiceHandler/MODLAUNCHER]: Found launch services [fmlclientdev,forgeclient,minecraft,forgegametestserverdev,fmlserveruserdev,fmlclient,fmldatauserdev,forgeserverdev,forgeserveruserdev,forgeclientdev,forgeclientuserdev,forgeserver,forgedatadev,fmlserver,fmlclientuserdev,fmlserverdev,forgedatauserdev,testharness,forgegametestserveruserdev]
[20Aug2025 21:19:14.895] [main/DEBUG] [cpw.mods.modlauncher.NameMappingServiceHandler/MODLAUNCHER]: Found naming services : [srgtomcp]
[20Aug2025 21:19:14.911] [main/DEBUG] [cpw.mods.modlauncher.LaunchPluginHandler/MODLAUNCHER]: Found launch plugins: [mixin,eventbus,slf4jfixer,object_holder_definalize,runtime_enum_extender,capability_token_subclass,accesstransformer,runtimedistcleaner]
[20Aug2025 21:19:14.921] [main/DEBUG] [cpw.mods.modlauncher.TransformationServicesHandler/MODLAUNCHER]: Discovering transformation services
[20Aug2025 21:19:14.927] [main/DEBUG] [net.minecraftforge.fml.loading.FMLPaths/CORE]: Path GAMEDIR is /workspaces/FUNKAAAAAAA/servidor_minecraft
[20Aug2025 21:19:14.927] [main/DEBUG] [net.minecraftforge.fml.loading.FMLPaths/CORE]: Path MODSDIR is /workspaces/FUNKAAAAAAA/servidor_minecraft/mods
[20Aug2025 21:19:14.928] [main/DEBUG] [net.minecraftforge.fml.loading.FMLPaths/CORE]: Path CONFIGDIR is /workspaces/FUNKAAAAAAA/servidor_minecraft/config
[20Aug2025 21:19:14.928] [main/DEBUG] [net.minecraftforge.fml.loading.FMLPaths/CORE]: Path FMLCONFIG is /workspaces/FUNKAAAAAAA/servidor_minecraft/config/fml.toml
[20Aug2025 21:19:15.122] [main/DEBUG] [cpw.mods.modlauncher.TransformationServicesHandler/MODLAUNCHER]: Found additional transformation services from discovery services: 
[20Aug2025 21:19:15.129] [main/INFO] [net.minecraftforge.fml.loading.ImmediateWindowHandler/]: ImmediateWindowProvider not loading because launch target is forgeserver
[20Aug2025 21:19:15.140] [main/DEBUG] [cpw.mods.modlauncher.TransformationServicesHandler/MODLAUNCHER]: Found transformer services : [mixin,fml]
[20Aug2025 21:19:15.141] [main/DEBUG] [cpw.mods.modlauncher.TransformationServicesHandler/MODLAUNCHER]: Transformation services loading
[20Aug2025 21:19:15.143] [main/DEBUG] [cpw.mods.modlauncher.TransformationServiceDecorator/MODLAUNCHER]: Loading service mixin
[20Aug2025 21:19:15.143] [main/DEBUG] [cpw.mods.modlauncher.TransformationServiceDecorator/MODLAUNCHER]: Loaded service mixin
[20Aug2025 21:19:15.144] [main/DEBUG] [cpw.mods.modlauncher.TransformationServiceDecorator/MODLAUNCHER]: Loading service fml
[20Aug2025 21:19:15.144] [main/DEBUG] [net.minecraftforge.fml.loading.LauncherVersion/CORE]: Found FMLLauncher version 1.0
[20Aug2025 21:19:15.145] [main/DEBUG] [net.minecraftforge.fml.loading.FMLLoader/CORE]: FML 1.0 loading
[20Aug2025 21:19:15.145] [main/DEBUG] [net.minecraftforge.fml.loading.FMLLoader/CORE]: FML found ModLauncher version : 10.0.9+10.0.9+main.dcd20f30
[20Aug2025 21:19:15.146] [main/DEBUG] [net.minecraftforge.fml.loading.FMLLoader/CORE]: FML found AccessTransformer version : 8.0.4+66+master.c09db6d7
[20Aug2025 21:19:15.147] [main/DEBUG] [net.minecraftforge.fml.loading.FMLLoader/CORE]: FML found EventBus version : 6.0.5+6.0.5+master.eb8e549b
[20Aug2025 21:19:15.147] [main/DEBUG] [net.minecraftforge.fml.loading.FMLLoader/CORE]: Found Runtime Dist Cleaner
[20Aug2025 21:19:15.149] [main/DEBUG] [net.minecraftforge.fml.loading.FMLLoader/CORE]: FML found CoreMod version : 5.1.6
[20Aug2025 21:19:15.151] [main/DEBUG] [net.minecraftforge.fml.loading.FMLLoader/CORE]: Found ForgeSPI package implementation version 7.0.1+7.0.1+master.d2b38bf6
[20Aug2025 21:19:15.151] [main/DEBUG] [net.minecraftforge.fml.loading.FMLLoader/CORE]: Found ForgeSPI package specification 5
[20Aug2025 21:19:15.151] [main/DEBUG] [cpw.mods.modlauncher.TransformationServiceDecorator/MODLAUNCHER]: Loaded service fml
[20Aug2025 21:19:15.152] [main/DEBUG] [cpw.mods.modlauncher.TransformationServicesHandler/MODLAUNCHER]: Configuring option handling for services
[20Aug2025 21:19:15.161] [main/DEBUG] [cpw.mods.modlauncher.TransformationServicesHandler/MODLAUNCHER]: Transformation services initializing
[20Aug2025 21:19:15.161] [main/DEBUG] [cpw.mods.modlauncher.TransformationServiceDecorator/MODLAUNCHER]: Initializing transformation service mixin
[20Aug2025 21:19:15.177] [main/DEBUG] [mixin/]: MixinService [ModLauncher] was successfully booted in cpw.mods.cl.ModuleClassLoader@7a3d45bd
[20Aug2025 21:19:15.192] [main/INFO] [mixin/]: SpongePowered MIXIN Subsystem Version=0.8.5 Source=union:/workspaces/FUNKAAAAAAA/servidor_minecraft/libraries/org/spongepowered/mixin/0.8.5/mixin-0.8.5.jar%2365!/ Service=ModLauncher Env=SERVER
[20Aug2025 21:19:15.196] [main/DEBUG] [mixin/]: Initialising Mixin Platform Manager
[20Aug2025 21:19:15.196] [main/DEBUG] [mixin/]: Adding mixin platform agents for container ModLauncher Root Container(ModLauncher:4f56a0a2)
[20Aug2025 21:19:15.197] [main/DEBUG] [mixin/]: Instancing new MixinPlatformAgentMinecraftForge for ModLauncher Root Container(ModLauncher:4f56a0a2)
[20Aug2025 21:19:15.201] [main/DEBUG] [mixin/]: MixinPlatformAgentMinecraftForge rejected container ModLauncher Root Container(ModLauncher:4f56a0a2)
[20Aug2025 21:19:15.202] [main/DEBUG] [mixin/]: Instancing new MixinPlatformAgentDefault for ModLauncher Root Container(ModLauncher:4f56a0a2)
[20Aug2025 21:19:15.202] [main/DEBUG] [mixin/]: MixinPlatformAgentDefault accepted container ModLauncher Root Container(ModLauncher:4f56a0a2)
[20Aug2025 21:19:15.204] [main/DEBUG] [cpw.mods.modlauncher.TransformationServiceDecorator/MODLAUNCHER]: Initialized transformation service mixin
[20Aug2025 21:19:15.204] [main/DEBUG] [cpw.mods.modlauncher.TransformationServiceDecorator/MODLAUNCHER]: Initializing transformation service fml
[20Aug2025 21:19:15.204] [main/DEBUG] [net.minecraftforge.fml.loading.FMLServiceProvider/CORE]: Setting up basic FML game directories
[20Aug2025 21:19:15.205] [main/DEBUG] [net.minecraftforge.fml.loading.FMLPaths/CORE]: Path GAMEDIR is /workspaces/FUNKAAAAAAA/servidor_minecraft
[20Aug2025 21:19:15.205] [main/DEBUG] [net.minecraftforge.fml.loading.FMLPaths/CORE]: Path MODSDIR is /workspaces/FUNKAAAAAAA/servidor_minecraft/mods
[20Aug2025 21:19:15.205] [main/DEBUG] [net.minecraftforge.fml.loading.FMLPaths/CORE]: Path CONFIGDIR is /workspaces/FUNKAAAAAAA/servidor_minecraft/config
[20Aug2025 21:19:15.205] [main/DEBUG] [net.minecraftforge.fml.loading.FMLPaths/CORE]: Path FMLCONFIG is /workspaces/FUNKAAAAAAA/servidor_minecraft/config/fml.toml
[20Aug2025 21:19:15.205] [main/DEBUG] [net.minecraftforge.fml.loading.FMLServiceProvider/CORE]: Loading configuration
[20Aug2025 21:19:15.208] [main/DEBUG] [net.minecraftforge.fml.loading.FMLServiceProvider/CORE]: Preparing ModFile
[20Aug2025 21:19:15.210] [main/DEBUG] [net.minecraftforge.fml.loading.FMLServiceProvider/CORE]: Preparing launch handler
[20Aug2025 21:19:15.211] [main/DEBUG] [net.minecraftforge.fml.loading.FMLLoader/CORE]: Using forgeserver as launch service
[20Aug2025 21:19:15.228] [main/DEBUG] [net.minecraftforge.fml.loading.FMLLoader/CORE]: Received command line version data  : VersionInfo[forgeVersion=47.3.7, mcVersion=1.20.1, mcpVersion=20230612.114412, forgeGroup=net.minecraftforge]
[20Aug2025 21:19:15.230] [main/DEBUG] [cpw.mods.modlauncher.TransformationServiceDecorator/MODLAUNCHER]: Initialized transformation service fml
[20Aug2025 21:19:15.231] [main/DEBUG] [cpw.mods.modlauncher.NameMappingServiceHandler/MODLAUNCHER]: Current naming domain is 'srg'
[20Aug2025 21:19:15.232] [main/DEBUG] [cpw.mods.modlauncher.NameMappingServiceHandler/MODLAUNCHER]: Identified name mapping providers {}
[20Aug2025 21:19:15.232] [main/DEBUG] [cpw.mods.modlauncher.TransformationServicesHandler/MODLAUNCHER]: Transformation services begin scanning
[20Aug2025 21:19:15.233] [main/DEBUG] [cpw.mods.modlauncher.TransformationServiceDecorator/MODLAUNCHER]: Beginning scan trigger - transformation service mixin
[20Aug2025 21:19:15.234] [main/DEBUG] [cpw.mods.modlauncher.TransformationServiceDecorator/MODLAUNCHER]: End scan trigger - transformation service mixin
[20Aug2025 21:19:15.234] [main/DEBUG] [cpw.mods.modlauncher.TransformationServiceDecorator/MODLAUNCHER]: Beginning scan trigger - transformation service fml
[20Aug2025 21:19:15.234] [main/DEBUG] [net.minecraftforge.fml.loading.FMLServiceProvider/CORE]: Initiating mod scan
[20Aug2025 21:19:15.247] [main/DEBUG] [net.minecraftforge.fml.loading.moddiscovery.ModListHandler/CORE]: Found mod coordinates from lists: []
[20Aug2025 21:19:15.261] [main/DEBUG] [net.minecraftforge.fml.loading.moddiscovery.ModDiscoverer/CORE]: Found Mod Locators : (mods folder:null),(maven libs:null),(exploded directory:null),(minecraft:null),(userdev classpath:null)
[20Aug2025 21:19:15.266] [main/DEBUG] [net.minecraftforge.fml.loading.moddiscovery.ModDiscoverer/CORE]: Found Dependency Locators : (JarInJar:null)
[20Aug2025 21:19:15.281] [main/DEBUG] [net.minecraftforge.fml.loading.moddiscovery.ModFileParser/LOADING]: Considering mod file candidate /workspaces/FUNKAAAAAAA/servidor_minecraft/mods/balm-forge-1.20.1-7.3.18-all.jar
[20Aug2025 21:19:15.323] [main/DEBUG] [net.minecraftforge.fml.loading.moddiscovery.ModFileInfo/LOADING]: Found valid mod file balm-forge-1.20.1-7.3.18-all.jar with {balm} mods - versions {7.3.18}
[20Aug2025 21:19:15.349] [main/DEBUG] [net.minecraftforge.fml.loading.moddiscovery.ModFileParser/LOADING]: Considering mod file candidate /workspaces/FUNKAAAAAAA/servidor_minecraft/mods/cave_dweller-1.20.1-1.7.0.jar
[20Aug2025 21:19:15.353] [main/DEBUG] [net.minecraftforge.fml.loading.moddiscovery.ModFileInfo/LOADING]: Found valid mod file cave_dweller-1.20.1-1.7.0.jar with {cave_dweller} mods - versions {1.7.0}
[20Aug2025 21:19:15.355] [main/DEBUG] [net.minecraftforge.fml.loading.moddiscovery.ModFileParser/LOADING]: Considering mod file candidate /workspaces/FUNKAAAAAAA/servidor_minecraft/mods/doppelganger_V7.1_1.20.1_forge.jar
[20Aug2025 21:19:15.357] [main/DEBUG] [net.minecraftforge.fml.loading.moddiscovery.ModFileInfo/LOADING]: Found valid mod file doppelganger_V7.1_1.20.1_forge.jar with {doppelgangermod} mods - versions {7.1}
[20Aug2025 21:19:15.359] [main/DEBUG] [net.minecraftforge.fml.loading.moddiscovery.ModFileParser/LOADING]: Considering mod file candidate /workspaces/FUNKAAAAAAA/servidor_minecraft/mods/From-The-Fog-1.20-v1.9.2-Forge-Fabric.jar
[20Aug2025 21:19:15.361] [main/DEBUG] [net.minecraftforge.fml.loading.moddiscovery.ModFileInfo/LOADING]: Found valid mod file From-The-Fog-1.20-v1.9.2-Forge-Fabric.jar with {watching} mods - versions {1.9.2}
[20Aug2025 21:19:15.362] [main/DEBUG] [net.minecraftforge.fml.loading.moddiscovery.ModFileParser/LOADING]: Considering mod file candidate /workspaces/FUNKAAAAAAA/servidor_minecraft/mods/geckolib-forge-1.20.1-4.7.1.2.jar
[20Aug2025 21:19:15.364] [main/DEBUG] [net.minecraftforge.fml.loading.moddiscovery.ModFileInfo/LOADING]: Found valid mod file geckolib-forge-1.20.1-4.7.1.2.jar with {geckolib} mods - versions {4.7.1.2}
[20Aug2025 21:19:15.365] [main/DEBUG] [net.minecraftforge.fml.loading.moddiscovery.ModFileParser/LOADING]: Considering mod file candidate /workspaces/FUNKAAAAAAA/servidor_minecraft/mods/goat_man-1.20.1-2.8.jar
[20Aug2025 21:19:15.367] [main/DEBUG] [net.minecraftforge.fml.loading.moddiscovery.ModFileInfo/LOADING]: Found valid mod file goat_man-1.20.1-2.8.jar with {goat_man} mods - versions {2.8}
[20Aug2025 21:19:15.369] [main/DEBUG] [net.minecraftforge.fml.loading.moddiscovery.ModFileParser/LOADING]: Considering mod file candidate /workspaces/FUNKAAAAAAA/servidor_minecraft/mods/Horror_Cryptid_Sasquatch_1.2.4.jar
[20Aug2025 21:19:15.370] [main/DEBUG] [net.minecraftforge.fml.loading.moddiscovery.ModFileInfo/LOADING]: Found valid mod file Horror_Cryptid_Sasquatch_1.2.4.jar with {sasquatch} mods - versions {1.2.3}
[20Aug2025 21:19:15.372] [main/DEBUG] [net.minecraftforge.fml.loading.moddiscovery.ModFileParser/LOADING]: Considering mod file candidate /workspaces/FUNKAAAAAAA/servidor_minecraft/mods/jei-1.20.1-forge-15.20.0.106.jar
[20Aug2025 21:19:15.374] [main/DEBUG] [net.minecraftforge.fml.loading.moddiscovery.ModFileInfo/LOADING]: Found valid mod file jei-1.20.1-forge-15.20.0.106.jar with {jei} mods - versions {15.20.0.106}
[20Aug2025 21:19:15.378] [main/DEBUG] [net.minecraftforge.fml.loading.moddiscovery.ModFileParser/LOADING]: Considering mod file candidate /workspaces/FUNKAAAAAAA/servidor_minecraft/mods/journeymap-1.20.1-5.10.0-forge.jar
[20Aug2025 21:19:15.379] [main/DEBUG] [net.minecraftforge.fml.loading.moddiscovery.ModFileInfo/LOADING]: Found valid mod file journeymap-1.20.1-5.10.0-forge.jar with {journeymap} mods - versions {5.10.0}
[20Aug2025 21:19:15.381] [main/DEBUG] [net.minecraftforge.fml.loading.moddiscovery.ModFileParser/LOADING]: Considering mod file candidate /workspaces/FUNKAAAAAAA/servidor_minecraft/mods/killers-1.0.2-v-1-20-1.jar
[20Aug2025 21:19:15.382] [main/DEBUG] [net.minecraftforge.fml.loading.moddiscovery.ModFileInfo/LOADING]: Found valid mod file killers-1.0.2-v-1-20-1.jar with {killers} mods - versions {1.0.2}
[20Aug2025 21:19:15.385] [main/DEBUG] [net.minecraftforge.fml.loading.moddiscovery.ModFileParser/LOADING]: Considering mod file candidate /workspaces/FUNKAAAAAAA/servidor_minecraft/mods/tombstone-1.20.1-8.9.5.jar
[20Aug2025 21:19:15.387] [main/DEBUG] [net.minecraftforge.fml.loading.moddiscovery.ModFileInfo/LOADING]: Found valid mod file tombstone-1.20.1-8.9.5.jar with {tombstone} mods - versions {8.9.5}
[20Aug2025 21:19:15.389] [main/DEBUG] [net.minecraftforge.fml.loading.moddiscovery.ModFileParser/LOADING]: Considering mod file candidate /workspaces/FUNKAAAAAAA/servidor_minecraft/mods/waystones-forge-1.20.1-14.1.10.jar
[20Aug2025 21:19:15.390] [main/DEBUG] [net.minecraftforge.fml.loading.moddiscovery.ModFileInfo/LOADING]: Found valid mod file waystones-forge-1.20.1-14.1.10.jar with {waystones} mods - versions {14.1.10}
[20Aug2025 21:19:15.548] [main/DEBUG] [net.minecraftforge.fml.loading.moddiscovery.ModFileInfo/LOADING]: Found valid mod file server-1.20.1-20230612.114412-srg.jar with {minecraft} mods - versions {1.20.1}
[20Aug2025 21:19:15.552] [main/DEBUG] [net.minecraftforge.fml.loading.moddiscovery.ModFileParser/LOADING]: Considering mod file candidate /workspaces/FUNKAAAAAAA/servidor_minecraft/libraries/net/minecraftforge/fmlcore/1.20.1-47.3.7/fmlcore-1.20.1-47.3.7.jar
[20Aug2025 21:19:15.552] [main/WARN] [net.minecraftforge.fml.loading.moddiscovery.ModFileParser/LOADING]: Mod file /workspaces/FUNKAAAAAAA/servidor_minecraft/libraries/net/minecraftforge/fmlcore/1.20.1-47.3.7/fmlcore-1.20.1-47.3.7.jar is missing mods.toml file
[20Aug2025 21:19:15.554] [main/DEBUG] [net.minecraftforge.fml.loading.moddiscovery.ModFileParser/LOADING]: Considering mod file candidate /workspaces/FUNKAAAAAAA/servidor_minecraft/libraries/net/minecraftforge/javafmllanguage/1.20.1-47.3.7/javafmllanguage-1.20.1-47.3.7.jar
[20Aug2025 21:19:15.555] [main/WARN] [net.minecraftforge.fml.loading.moddiscovery.ModFileParser/LOADING]: Mod file /workspaces/FUNKAAAAAAA/servidor_minecraft/libraries/net/minecraftforge/javafmllanguage/1.20.1-47.3.7/javafmllanguage-1.20.1-47.3.7.jar is missing mods.toml file
[20Aug2025 21:19:15.557] [main/DEBUG] [net.minecraftforge.fml.loading.moddiscovery.ModFileParser/LOADING]: Considering mod file candidate /workspaces/FUNKAAAAAAA/servidor_minecraft/libraries/net/minecraftforge/lowcodelanguage/1.20.1-47.3.7/lowcodelanguage-1.20.1-47.3.7.jar
[20Aug2025 21:19:15.557] [main/WARN] [net.minecraftforge.fml.loading.moddiscovery.ModFileParser/LOADING]: Mod file /workspaces/FUNKAAAAAAA/servidor_minecraft/libraries/net/minecraftforge/lowcodelanguage/1.20.1-47.3.7/lowcodelanguage-1.20.1-47.3.7.jar is missing mods.toml file
[20Aug2025 21:19:15.560] [main/DEBUG] [net.minecraftforge.fml.loading.moddiscovery.ModFileParser/LOADING]: Considering mod file candidate /workspaces/FUNKAAAAAAA/servidor_minecraft/libraries/net/minecraftforge/mclanguage/1.20.1-47.3.7/mclanguage-1.20.1-47.3.7.jar
[20Aug2025 21:19:15.560] [main/WARN] [net.minecraftforge.fml.loading.moddiscovery.ModFileParser/LOADING]: Mod file /workspaces/FUNKAAAAAAA/servidor_minecraft/libraries/net/minecraftforge/mclanguage/1.20.1-47.3.7/mclanguage-1.20.1-47.3.7.jar is missing mods.toml file
[20Aug2025 21:19:15.616] [main/DEBUG] [net.minecraftforge.fml.loading.moddiscovery.ModFileParser/LOADING]: Considering mod file candidate /workspaces/FUNKAAAAAAA/servidor_minecraft/libraries/net/minecraftforge/forge/1.20.1-47.3.7/forge-1.20.1-47.3.7-universal.jar
[20Aug2025 21:19:15.617] [main/DEBUG] [net.minecraftforge.fml.loading.moddiscovery.ModFileInfo/LOADING]: Found valid mod file forge-1.20.1-47.3.7-universal.jar with {forge} mods - versions {47.3.7}
[20Aug2025 21:19:15.630] [main/DEBUG] [net.minecraftforge.fml.loading.moddiscovery.AbstractJarFileDependencyLocator/]: Failed to load resource META-INF/jarjar/metadata.json from server-1.20.1-20230612.114412-srg.jar, it does not contain dependency information.
[20Aug2025 21:19:15.631] [main/DEBUG] [net.minecraftforge.fml.loading.moddiscovery.AbstractJarFileDependencyLocator/]: Failed to load resource META-INF/jarjar/metadata.json from doppelganger_V7.1_1.20.1_forge.jar, it does not contain dependency information.
[20Aug2025 21:19:15.631] [main/DEBUG] [net.minecraftforge.fml.loading.moddiscovery.AbstractJarFileDependencyLocator/]: Failed to load resource META-INF/jarjar/metadata.json from tombstone-1.20.1-8.9.5.jar, it does not contain dependency information.
[20Aug2025 21:19:15.631] [main/DEBUG] [net.minecraftforge.fml.loading.moddiscovery.AbstractJarFileDependencyLocator/]: Failed to load resource META-INF/jarjar/metadata.json from killers-1.0.2-v-1-20-1.jar, it does not contain dependency information.
[20Aug2025 21:19:15.631] [main/DEBUG] [net.minecraftforge.fml.loading.moddiscovery.AbstractJarFileDependencyLocator/]: Failed to load resource META-INF/jarjar/metadata.json from cave_dweller-1.20.1-1.7.0.jar, it does not contain dependency information.
[20Aug2025 21:19:15.631] [main/DEBUG] [net.minecraftforge.fml.loading.moddiscovery.AbstractJarFileDependencyLocator/]: Failed to load resource META-INF/jarjar/metadata.json from From-The-Fog-1.20-v1.9.2-Forge-Fabric.jar, it does not contain dependency information.
[20Aug2025 21:19:15.632] [main/DEBUG] [net.minecraftforge.fml.loading.moddiscovery.AbstractJarFileDependencyLocator/]: Failed to load resource META-INF/jarjar/metadata.json from jei-1.20.1-forge-15.20.0.106.jar, it does not contain dependency information.
[20Aug2025 21:19:15.632] [main/DEBUG] [net.minecraftforge.fml.loading.moddiscovery.AbstractJarFileDependencyLocator/]: Failed to load resource META-INF/jarjar/metadata.json from Horror_Cryptid_Sasquatch_1.2.4.jar, it does not contain dependency information.
[20Aug2025 21:19:15.632] [main/DEBUG] [net.minecraftforge.fml.loading.moddiscovery.AbstractJarFileDependencyLocator/]: Failed to load resource META-INF/jarjar/metadata.json from goat_man-1.20.1-2.8.jar, it does not contain dependency information.
[20Aug2025 21:19:15.632] [main/DEBUG] [net.minecraftforge.fml.loading.moddiscovery.AbstractJarFileDependencyLocator/]: Failed to load resource META-INF/jarjar/metadata.json from forge-1.20.1-47.3.7-universal.jar, it does not contain dependency information.
[20Aug2025 21:19:15.632] [main/DEBUG] [net.minecraftforge.fml.loading.moddiscovery.AbstractJarFileDependencyLocator/]: Failed to load resource META-INF/jarjar/metadata.json from waystones-forge-1.20.1-14.1.10.jar, it does not contain dependency information.
[20Aug2025 21:19:15.632] [main/DEBUG] [net.minecraftforge.fml.loading.moddiscovery.AbstractJarFileDependencyLocator/]: Failed to load resource META-INF/jarjar/metadata.json from journeymap-1.20.1-5.10.0-forge.jar, it does not contain dependency information.
[20Aug2025 21:19:15.632] [main/DEBUG] [net.minecraftforge.fml.loading.moddiscovery.AbstractJarFileDependencyLocator/]: Failed to load resource META-INF/jarjar/metadata.json from mclanguage-1.20.1-47.3.7.jar, it does not contain dependency information.
[20Aug2025 21:19:15.633] [main/DEBUG] [net.minecraftforge.fml.loading.moddiscovery.AbstractJarFileDependencyLocator/]: Failed to load resource META-INF/jarjar/metadata.json from javafmllanguage-1.20.1-47.3.7.jar, it does not contain dependency information.
[20Aug2025 21:19:15.633] [main/DEBUG] [net.minecraftforge.fml.loading.moddiscovery.AbstractJarFileDependencyLocator/]: Failed to load resource META-INF/jarjar/metadata.json from fmlcore-1.20.1-47.3.7.jar, it does not contain dependency information.
[20Aug2025 21:19:15.633] [main/DEBUG] [net.minecraftforge.fml.loading.moddiscovery.AbstractJarFileDependencyLocator/]: Failed to load resource META-INF/jarjar/metadata.json from lowcodelanguage-1.20.1-47.3.7.jar, it does not contain dependency information.
[20Aug2025 21:19:15.735] [main/DEBUG] [net.minecraftforge.fml.loading.moddiscovery.ModFileParser/LOADING]: Considering mod file candidate 
[20Aug2025 21:19:15.736] [main/DEBUG] [net.minecraftforge.fml.loading.moddiscovery.ModFileInfo/LOADING]: Found valid mod file kuma-api-forge-20.1.9-SNAPSHOT.jar with {kuma_api} mods - versions {20.1.9-SNAPSHOT}
[20Aug2025 21:19:15.736] [main/DEBUG] [net.minecraftforge.fml.loading.moddiscovery.AbstractJarFileDependencyLocator/]: Failed to load resource META-INF/jarjar/metadata.json from mclib-20.jar, it does not contain dependency information.
[20Aug2025 21:19:15.737] [main/DEBUG] [net.minecraftforge.fml.loading.moddiscovery.AbstractJarFileDependencyLocator/]: Failed to load resource META-INF/jarjar/metadata.json from kuma-api-forge-20.1.9-SNAPSHOT.jar, it does not contain dependency information.
[20Aug2025 21:19:15.768] [main/DEBUG] [net.minecraftforge.fml.loading.moddiscovery.ModFileParser/LOADING]: Considering mod file candidate 
[20Aug2025 21:19:15.770] [main/DEBUG] [net.minecraftforge.fml.loading.moddiscovery.ModFileInfo/LOADING]: Found valid mod file kuma-api-forge-20.1.9-SNAPSHOT.jar with {kuma_api} mods - versions {20.1.9-SNAPSHOT}
[20Aug2025 21:19:15.773] [main/INFO] [net.minecraftforge.fml.loading.moddiscovery.JarInJarDependencyLocator/]: Found 2 dependencies adding them to mods collection
[20Aug2025 21:19:15.776] [main/DEBUG] [net.minecraftforge.fml.loading.moddiscovery.ModFileInfo/LOADING]: Found valid mod file server-1.20.1-20230612.114412-srg.jar with {minecraft} mods - versions {1.20.1}
[20Aug2025 21:19:15.780] [main/DEBUG] [net.minecraftforge.fml.loading.moddiscovery.ModFile/LOADING]: Loading mod file /workspaces/FUNKAAAAAAA/servidor_minecraft/libraries/net/minecraft/server/1.20.1-20230612.114412/server-1.20.1-20230612.114412-srg.jar with languages [LanguageSpec[languageName=minecraft, acceptedVersions=1]]
[20Aug2025 21:19:15.781] [main/DEBUG] [net.minecraftforge.fml.loading.moddiscovery.ModFileParser/LOADING]: Considering mod file candidate /workspaces/FUNKAAAAAAA/servidor_minecraft/mods/doppelganger_V7.1_1.20.1_forge.jar
[20Aug2025 21:19:15.782] [main/DEBUG] [net.minecraftforge.fml.loading.moddiscovery.ModFileInfo/LOADING]: Found valid mod file doppelganger_V7.1_1.20.1_forge.jar with {doppelgangermod} mods - versions {7.1}
[20Aug2025 21:19:15.784] [main/DEBUG] [net.minecraftforge.fml.loading.moddiscovery.ModFile/LOADING]: Loading mod file /workspaces/FUNKAAAAAAA/servidor_minecraft/mods/doppelganger_V7.1_1.20.1_forge.jar with languages [LanguageSpec[languageName=javafml, acceptedVersions=[47,)]]
[20Aug2025 21:19:15.785] [main/DEBUG] [net.minecraftforge.fml.loading.moddiscovery.ModFileParser/LOADING]: Considering mod file candidate 
[20Aug2025 21:19:15.786] [main/DEBUG] [net.minecraftforge.fml.loading.moddiscovery.ModFileInfo/LOADING]: Found valid mod file kuma-api-forge-20.1.9-SNAPSHOT.jar with {kuma_api} mods - versions {20.1.9-SNAPSHOT}
[20Aug2025 21:19:15.786] [main/DEBUG] [net.minecraftforge.fml.loading.moddiscovery.ModFile/LOADING]: Loading mod file  with languages [LanguageSpec[languageName=javafml, acceptedVersions=[47,)]]
[20Aug2025 21:19:15.787] [main/DEBUG] [net.minecraftforge.fml.loading.moddiscovery.ModFileParser/LOADING]: Considering mod file candidate /workspaces/FUNKAAAAAAA/servidor_minecraft/mods/killers-1.0.2-v-1-20-1.jar
[20Aug2025 21:19:15.787] [main/DEBUG] [net.minecraftforge.fml.loading.moddiscovery.ModFileInfo/LOADING]: Found valid mod file killers-1.0.2-v-1-20-1.jar with {killers} mods - versions {1.0.2}
[20Aug2025 21:19:15.789] [main/DEBUG] [net.minecraftforge.fml.loading.moddiscovery.ModFile/LOADING]: Loading mod file /workspaces/FUNKAAAAAAA/servidor_minecraft/mods/killers-1.0.2-v-1-20-1.jar with languages [LanguageSpec[languageName=javafml, acceptedVersions=[47,)]]
[20Aug2025 21:19:15.789] [main/DEBUG] [net.minecraftforge.fml.loading.moddiscovery.ModFileParser/LOADING]: Considering mod file candidate /workspaces/FUNKAAAAAAA/servidor_minecraft/mods/tombstone-1.20.1-8.9.5.jar
[20Aug2025 21:19:15.790] [main/DEBUG] [net.minecraftforge.fml.loading.moddiscovery.ModFileInfo/LOADING]: Found valid mod file tombstone-1.20.1-8.9.5.jar with {tombstone} mods - versions {8.9.5}
[20Aug2025 21:19:15.791] [main/DEBUG] [net.minecraftforge.fml.loading.moddiscovery.ModFile/LOADING]: Loading mod file /workspaces/FUNKAAAAAAA/servidor_minecraft/mods/tombstone-1.20.1-8.9.5.jar with languages [LanguageSpec[languageName=javafml, acceptedVersions=[46,)]]
[20Aug2025 21:19:15.792] [main/DEBUG] [net.minecraftforge.fml.loading.moddiscovery.ModFileParser/LOADING]: Considering mod file candidate /workspaces/FUNKAAAAAAA/servidor_minecraft/mods/geckolib-forge-1.20.1-4.7.1.2.jar
[20Aug2025 21:19:15.792] [main/DEBUG] [net.minecraftforge.fml.loading.moddiscovery.ModFileInfo/LOADING]: Found valid mod file geckolib-forge-1.20.1-4.7.1.2.jar with {geckolib} mods - versions {4.7.1.2}
[20Aug2025 21:19:15.793] [main/DEBUG] [net.minecraftforge.fml.loading.moddiscovery.ModFile/LOADING]: Loading mod file /workspaces/FUNKAAAAAAA/servidor_minecraft/mods/geckolib-forge-1.20.1-4.7.1.2.jar with languages [LanguageSpec[languageName=javafml, acceptedVersions=[47,)]]
[20Aug2025 21:19:15.793] [main/DEBUG] [net.minecraftforge.fml.loading.moddiscovery.ModFileParser/LOADING]: Considering mod file candidate /workspaces/FUNKAAAAAAA/servidor_minecraft/mods/cave_dweller-1.20.1-1.7.0.jar
[20Aug2025 21:19:15.794] [main/DEBUG] [net.minecraftforge.fml.loading.moddiscovery.ModFileInfo/LOADING]: Found valid mod file cave_dweller-1.20.1-1.7.0.jar with {cave_dweller} mods - versions {1.7.0}
[20Aug2025 21:19:15.796] [main/DEBUG] [net.minecraftforge.fml.loading.moddiscovery.ModFile/LOADING]: Loading mod file /workspaces/FUNKAAAAAAA/servidor_minecraft/mods/cave_dweller-1.20.1-1.7.0.jar with languages [LanguageSpec[languageName=javafml, acceptedVersions=[46,)]]
[20Aug2025 21:19:15.796] [main/DEBUG] [net.minecraftforge.fml.loading.moddiscovery.ModFileParser/LOADING]: Considering mod file candidate /workspaces/FUNKAAAAAAA/servidor_minecraft/mods/From-The-Fog-1.20-v1.9.2-Forge-Fabric.jar
[20Aug2025 21:19:15.797] [main/DEBUG] [net.minecraftforge.fml.loading.moddiscovery.ModFileInfo/LOADING]: Found valid mod file From-The-Fog-1.20-v1.9.2-Forge-Fabric.jar with {watching} mods - versions {1.9.2}
[20Aug2025 21:19:15.797] [main/DEBUG] [net.minecraftforge.fml.loading.moddiscovery.ModFile/LOADING]: Loading mod file /workspaces/FUNKAAAAAAA/servidor_minecraft/mods/From-The-Fog-1.20-v1.9.2-Forge-Fabric.jar with languages [LanguageSpec[languageName=javafml, acceptedVersions=[40,)]]
[20Aug2025 21:19:15.798] [main/DEBUG] [net.minecraftforge.fml.loading.moddiscovery.ModFileParser/LOADING]: Considering mod file candidate /workspaces/FUNKAAAAAAA/servidor_minecraft/mods/balm-forge-1.20.1-7.3.18-all.jar
[20Aug2025 21:19:15.799] [main/DEBUG] [net.minecraftforge.fml.loading.moddiscovery.ModFileInfo/LOADING]: Found valid mod file balm-forge-1.20.1-7.3.18-all.jar with {balm} mods - versions {7.3.18}
[20Aug2025 21:19:15.799] [main/DEBUG] [net.minecraftforge.fml.loading.moddiscovery.ModFile/LOADING]: Loading mod file /workspaces/FUNKAAAAAAA/servidor_minecraft/mods/balm-forge-1.20.1-7.3.18-all.jar with languages [LanguageSpec[languageName=javafml, acceptedVersions=[46,)]]
[20Aug2025 21:19:15.799] [main/DEBUG] [net.minecraftforge.fml.loading.moddiscovery.ModFileParser/LOADING]: Considering mod file candidate /workspaces/FUNKAAAAAAA/servidor_minecraft/mods/Horror_Cryptid_Sasquatch_1.2.4.jar
[20Aug2025 21:19:15.799] [main/DEBUG] [net.minecraftforge.fml.loading.moddiscovery.ModFileInfo/LOADING]: Found valid mod file Horror_Cryptid_Sasquatch_1.2.4.jar with {sasquatch} mods - versions {1.2.3}
[20Aug2025 21:19:15.800] [main/DEBUG] [net.minecraftforge.fml.loading.moddiscovery.ModFile/LOADING]: Loading mod file /workspaces/FUNKAAAAAAA/servidor_minecraft/mods/Horror_Cryptid_Sasquatch_1.2.4.jar with languages [LanguageSpec[languageName=javafml, acceptedVersions=[47,)]]
[20Aug2025 21:19:15.801] [main/DEBUG] [net.minecraftforge.fml.loading.moddiscovery.ModFileParser/LOADING]: Considering mod file candidate /workspaces/FUNKAAAAAAA/servidor_minecraft/mods/jei-1.20.1-forge-15.20.0.106.jar
[20Aug2025 21:19:15.802] [main/DEBUG] [net.minecraftforge.fml.loading.moddiscovery.ModFileInfo/LOADING]: Found valid mod file jei-1.20.1-forge-15.20.0.106.jar with {jei} mods - versions {15.20.0.106}
[20Aug2025 21:19:15.802] [main/DEBUG] [net.minecraftforge.fml.loading.moddiscovery.ModFile/LOADING]: Loading mod file /workspaces/FUNKAAAAAAA/servidor_minecraft/mods/jei-1.20.1-forge-15.20.0.106.jar with languages [LanguageSpec[languageName=javafml, acceptedVersions=[47,)]]
[20Aug2025 21:19:15.803] [main/DEBUG] [net.minecraftforge.fml.loading.moddiscovery.ModFileParser/LOADING]: Considering mod file candidate /workspaces/FUNKAAAAAAA/servidor_minecraft/mods/goat_man-1.20.1-2.8.jar
[20Aug2025 21:19:15.805] [main/DEBUG] [net.minecraftforge.fml.loading.moddiscovery.ModFileInfo/LOADING]: Found valid mod file goat_man-1.20.1-2.8.jar with {goat_man} mods - versions {2.8}
[20Aug2025 21:19:15.805] [main/DEBUG] [net.minecraftforge.fml.loading.moddiscovery.ModFile/LOADING]: Loading mod file /workspaces/FUNKAAAAAAA/servidor_minecraft/mods/goat_man-1.20.1-2.8.jar with languages [LanguageSpec[languageName=javafml, acceptedVersions=[46,)]]
[20Aug2025 21:19:15.805] [main/DEBUG] [net.minecraftforge.fml.loading.moddiscovery.ModFileParser/LOADING]: Considering mod file candidate /workspaces/FUNKAAAAAAA/servidor_minecraft/libraries/net/minecraftforge/forge/1.20.1-47.3.7/forge-1.20.1-47.3.7-universal.jar
[20Aug2025 21:19:15.805] [main/DEBUG] [net.minecraftforge.fml.loading.moddiscovery.ModFileInfo/LOADING]: Found valid mod file forge-1.20.1-47.3.7-universal.jar with {forge} mods - versions {47.3.7}
[20Aug2025 21:19:15.808] [main/DEBUG] [net.minecraftforge.fml.loading.moddiscovery.ModFile/LOADING]: Loading mod file /workspaces/FUNKAAAAAAA/servidor_minecraft/libraries/net/minecraftforge/forge/1.20.1-47.3.7/forge-1.20.1-47.3.7-universal.jar with languages [LanguageSpec[languageName=javafml, acceptedVersions=[24,]]]
[20Aug2025 21:19:15.810] [main/DEBUG] [net.minecraftforge.fml.loading.moddiscovery.ModFileParser/LOADING]: Found coremod field_to_method with Javascript path coremods/field_to_method.js
[20Aug2025 21:19:15.811] [main/DEBUG] [net.minecraftforge.fml.loading.moddiscovery.ModFileParser/LOADING]: Found coremod field_to_instanceof with Javascript path coremods/field_to_instanceof.js
[20Aug2025 21:19:15.811] [main/DEBUG] [net.minecraftforge.fml.loading.moddiscovery.ModFileParser/LOADING]: Found coremod add_bouncer_method with Javascript path coremods/add_bouncer_method.js
[20Aug2025 21:19:15.811] [main/DEBUG] [net.minecraftforge.fml.loading.moddiscovery.ModFileParser/LOADING]: Found coremod method_redirector with Javascript path coremods/method_redirector.js
[20Aug2025 21:19:15.812] [main/DEBUG] [net.minecraftforge.fml.loading.moddiscovery.ModFile/LOADING]: Found coremod coremods/field_to_method.js
[20Aug2025 21:19:15.812] [main/DEBUG] [net.minecraftforge.fml.loading.moddiscovery.ModFile/LOADING]: Found coremod coremods/field_to_instanceof.js
[20Aug2025 21:19:15.812] [main/DEBUG] [net.minecraftforge.fml.loading.moddiscovery.ModFile/LOADING]: Found coremod coremods/add_bouncer_method.js
[20Aug2025 21:19:15.812] [main/DEBUG] [net.minecraftforge.fml.loading.moddiscovery.ModFile/LOADING]: Found coremod coremods/method_redirector.js
[20Aug2025 21:19:15.812] [main/DEBUG] [net.minecraftforge.fml.loading.moddiscovery.ModFileParser/LOADING]: Considering mod file candidate /workspaces/FUNKAAAAAAA/servidor_minecraft/mods/waystones-forge-1.20.1-14.1.10.jar
[20Aug2025 21:19:15.813] [main/DEBUG] [net.minecraftforge.fml.loading.moddiscovery.ModFileInfo/LOADING]: Found valid mod file waystones-forge-1.20.1-14.1.10.jar with {waystones} mods - versions {14.1.10}
[20Aug2025 21:19:15.813] [main/DEBUG] [net.minecraftforge.fml.loading.moddiscovery.ModFile/LOADING]: Loading mod file /workspaces/FUNKAAAAAAA/servidor_minecraft/mods/waystones-forge-1.20.1-14.1.10.jar with languages [LanguageSpec[languageName=javafml, acceptedVersions=[46,)]]
[20Aug2025 21:19:15.813] [main/DEBUG] [net.minecraftforge.fml.loading.moddiscovery.ModFileParser/LOADING]: Considering mod file candidate /workspaces/FUNKAAAAAAA/servidor_minecraft/mods/journeymap-1.20.1-5.10.0-forge.jar
[20Aug2025 21:19:15.815] [main/DEBUG] [net.minecraftforge.fml.loading.moddiscovery.ModFileInfo/LOADING]: Found valid mod file journeymap-1.20.1-5.10.0-forge.jar with {journeymap} mods - versions {5.10.0}
[20Aug2025 21:19:15.816] [main/DEBUG] [net.minecraftforge.fml.loading.moddiscovery.ModFile/LOADING]: Loading mod file /workspaces/FUNKAAAAAAA/servidor_minecraft/mods/journeymap-1.20.1-5.10.0-forge.jar with languages [LanguageSpec[languageName=javafml, acceptedVersions=[44,)]]
[20Aug2025 21:19:15.817] [main/DEBUG] [net.minecraftforge.fml.loading.moddiscovery.ModFileParser/LOADING]: Found coremod journeymap potion effect transformer with Javascript path potion-effects-shift.js
[20Aug2025 21:19:15.817] [main/DEBUG] [net.minecraftforge.fml.loading.moddiscovery.ModFile/LOADING]: Found coremod potion-effects-shift.js
[20Aug2025 21:19:15.817] [main/DEBUG] [net.minecraftforge.fml.loading.moddiscovery.ModFile/LOADING]: Loading mod file  with languages []
[20Aug2025 21:19:15.817] [main/DEBUG] [net.minecraftforge.fml.loading.moddiscovery.ModFile/LOADING]: Loading mod file  with languages []
[20Aug2025 21:19:15.818] [main/DEBUG] [cpw.mods.modlauncher.TransformationServiceDecorator/MODLAUNCHER]: End scan trigger - transformation service fml
[20Aug2025 21:19:15.833] [main/DEBUG] [net.minecraftforge.fml.loading.LanguageLoadingProvider/CORE]: Found 3 language providers
[20Aug2025 21:19:15.834] [main/DEBUG] [net.minecraftforge.fml.loading.LanguageLoadingProvider/CORE]: Found language provider minecraft, version 1.0
[20Aug2025 21:19:15.835] [main/DEBUG] [net.minecraftforge.fml.loading.LanguageLoadingProvider/CORE]: Found language provider lowcodefml, version 47
[20Aug2025 21:19:15.835] [main/DEBUG] [net.minecraftforge.fml.loading.LanguageLoadingProvider/CORE]: Found language provider javafml, version 47
[20Aug2025 21:19:15.839] [main/DEBUG] [net.minecraftforge.fml.loading.UniqueModListBuilder/]: Found 2 mods for first modid mclib, selecting most recent based on version data
[20Aug2025 21:19:15.841] [main/DEBUG] [net.minecraftforge.fml.loading.UniqueModListBuilder/]: Selected file mclib-20.jar for modid mclib with version 0.0NONE
[20Aug2025 21:19:15.844] [main/DEBUG] [net.minecraftforge.fml.loading.ModSorter/]: Configured system mods: [minecraft, forge]
[20Aug2025 21:19:15.844] [main/DEBUG] [net.minecraftforge.fml.loading.ModSorter/]: Found system mod: minecraft
[20Aug2025 21:19:15.844] [main/DEBUG] [net.minecraftforge.fml.loading.ModSorter/]: Found system mod: forge
[20Aug2025 21:19:15.849] [main/DEBUG] [net.minecraftforge.fml.loading.ModSorter/LOADING]: Found 26 mod requirements (24 mandatory, 2 optional)
[20Aug2025 21:19:15.851] [main/DEBUG] [net.minecraftforge.fml.loading.ModSorter/LOADING]: Found 0 mod requirements missing (0 mandatory, 0 optional)
[20Aug2025 21:19:16.690] [main/DEBUG] [cpw.mods.modlauncher.TransformationServicesHandler/MODLAUNCHER]: Transformation services loading transformers
[20Aug2025 21:19:16.695] [main/DEBUG] [cpw.mods.modlauncher.TransformationServiceDecorator/MODLAUNCHER]: Initializing transformers for transformation service mixin
[20Aug2025 21:19:16.695] [main/DEBUG] [cpw.mods.modlauncher.TransformationServiceDecorator/MODLAUNCHER]: Initialized transformers for transformation service mixin
[20Aug2025 21:19:16.696] [main/DEBUG] [cpw.mods.modlauncher.TransformationServiceDecorator/MODLAUNCHER]: Initializing transformers for transformation service fml
[20Aug2025 21:19:16.698] [main/DEBUG] [net.minecraftforge.fml.loading.FMLServiceProvider/CORE]: Loading coremod transformers
[20Aug2025 21:19:16.699] [main/DEBUG] [net.minecraftforge.coremod.CoreModEngine/COREMOD]: Loading CoreMod from coremods/field_to_method.js
[20Aug2025 21:19:17.281] [main/DEBUG] [net.minecraftforge.coremod.CoreModEngine/COREMOD]: CoreMod loaded successfully
[20Aug2025 21:19:17.286] [main/DEBUG] [net.minecraftforge.coremod.CoreModEngine/COREMOD]: Loading CoreMod from coremods/field_to_instanceof.js
[20Aug2025 21:19:17.445] [main/DEBUG] [net.minecraftforge.coremod.CoreModEngine/COREMOD]: CoreMod loaded successfully
[20Aug2025 21:19:17.445] [main/DEBUG] [net.minecraftforge.coremod.CoreModEngine/COREMOD]: Loading CoreMod from coremods/add_bouncer_method.js
[20Aug2025 21:19:17.579] [main/DEBUG] [net.minecraftforge.coremod.CoreModEngine/COREMOD]: CoreMod loaded successfully
[20Aug2025 21:19:17.582] [main/DEBUG] [net.minecraftforge.coremod.CoreModEngine/COREMOD]: Loading CoreMod from coremods/method_redirector.js
[20Aug2025 21:19:17.805] [main/DEBUG] [net.minecraftforge.coremod.CoreModEngine/COREMOD]: CoreMod loaded successfully
[20Aug2025 21:19:17.805] [main/DEBUG] [net.minecraftforge.coremod.CoreModEngine/COREMOD]: Loading CoreMod from potion-effects-shift.js
[20Aug2025 21:19:17.896] [main/DEBUG] [net.minecraftforge.coremod.CoreModEngine/COREMOD]: CoreMod loaded successfully
[20Aug2025 21:19:17.918] [main/DEBUG] [cpw.mods.modlauncher.TransformStore/MODLAUNCHER]: Adding transformer net.minecraftforge.coremod.transformer.CoreModMethodTransformer@e146f93 to Target : METHOD {Lnet/minecraft/client/gui/Gui;} {m_93028_} {(Lcom/mojang/blaze3d/vertex/PoseStack;)V}
[20Aug2025 21:19:17.921] [main/DEBUG] [cpw.mods.modlauncher.TransformStore/MODLAUNCHER]: Adding transformer net.minecraftforge.coremod.transformer.CoreModClassTransformer@6f2e1024 to Target : CLASS {Lnet/minecraft/world/level/biome/Biome;} {} {V}
[20Aug2025 21:19:17.922] [main/DEBUG] [cpw.mods.modlauncher.TransformStore/MODLAUNCHER]: Adding transformer net.minecraftforge.coremod.transformer.CoreModClassTransformer@536d97f8 to Target : CLASS {Lnet/minecraft/world/level/levelgen/structure/Structure;} {} {V}
[20Aug2025 21:19:17.922] [main/DEBUG] [cpw.mods.modlauncher.TransformStore/MODLAUNCHER]: Adding transformer net.minecraftforge.coremod.transformer.CoreModClassTransformer@3c50ad4b to Target : CLASS {Lnet/minecraft/world/effect/MobEffectInstance;} {} {V}
[20Aug2025 21:19:17.922] [main/DEBUG] [cpw.mods.modlauncher.TransformStore/MODLAUNCHER]: Adding transformer net.minecraftforge.coremod.transformer.CoreModClassTransformer@37496720 to Target : CLASS {Lnet/minecraft/world/level/block/LiquidBlock;} {} {V}
[20Aug2025 21:19:17.922] [main/DEBUG] [cpw.mods.modlauncher.TransformStore/MODLAUNCHER]: Adding transformer net.minecraftforge.coremod.transformer.CoreModClassTransformer@28f9fedd to Target : CLASS {Lnet/minecraft/world/item/BucketItem;} {} {V}
[20Aug2025 21:19:17.922] [main/DEBUG] [cpw.mods.modlauncher.TransformStore/MODLAUNCHER]: Adding transformer net.minecraftforge.coremod.transformer.CoreModClassTransformer@17947e6d to Target : CLASS {Lnet/minecraft/world/level/block/StairBlock;} {} {V}
[20Aug2025 21:19:17.922] [main/DEBUG] [cpw.mods.modlauncher.TransformStore/MODLAUNCHER]: Adding transformer net.minecraftforge.coremod.transformer.CoreModClassTransformer@2e17a321 to Target : CLASS {Lnet/minecraft/world/level/block/FlowerPotBlock;} {} {V}
[20Aug2025 21:19:17.923] [main/DEBUG] [cpw.mods.modlauncher.TransformStore/MODLAUNCHER]: Adding transformer net.minecraftforge.coremod.transformer.CoreModClassTransformer@521bb1a4 to Target : CLASS {Lnet/minecraft/world/item/ItemStack;} {} {V}
[20Aug2025 21:19:17.923] [main/DEBUG] [cpw.mods.modlauncher.TransformStore/MODLAUNCHER]: Adding transformer net.minecraftforge.coremod.transformer.CoreModClassTransformer@35f3a22c to Target : CLASS {Lnet/minecraft/network/play/client/CClientSettingsPacket;} {} {V}
[20Aug2025 21:19:17.924] [main/DEBUG] [cpw.mods.modlauncher.TransformStore/MODLAUNCHER]: Adding transformer net.minecraftforge.coremod.transformer.CoreModClassTransformer@1a0c5e9 to Target : CLASS {Lnet/minecraft/world/entity/monster/Evoker$EvokerSummonSpellGoal;} {} {V}
[20Aug2025 21:19:17.924] [main/DEBUG] [cpw.mods.modlauncher.TransformStore/MODLAUNCHER]: Adding transformer net.minecraftforge.coremod.transformer.CoreModClassTransformer@1a0c5e9 to Target : CLASS {Lnet/minecraft/world/level/levelgen/structure/structures/SwampHutPiece;} {} {V}
[20Aug2025 21:19:17.924] [main/DEBUG] [cpw.mods.modlauncher.TransformStore/MODLAUNCHER]: Adding transformer net.minecraftforge.coremod.transformer.CoreModClassTransformer@1a0c5e9 to Target : CLASS {Lnet/minecraft/world/entity/raid/Raid;} {} {V}
[20Aug2025 21:19:17.925] [main/DEBUG] [cpw.mods.modlauncher.TransformStore/MODLAUNCHER]: Adding transformer net.minecraftforge.coremod.transformer.CoreModClassTransformer@1a0c5e9 to Target : CLASS {Lnet/minecraft/world/entity/EntityType;} {} {V}
[20Aug2025 21:19:17.925] [main/DEBUG] [cpw.mods.modlauncher.TransformStore/MODLAUNCHER]: Adding transformer net.minecraftforge.coremod.transformer.CoreModClassTransformer@1a0c5e9 to Target : CLASS {Lnet/minecraft/world/entity/monster/Strider;} {} {V}
[20Aug2025 21:19:17.925] [main/DEBUG] [cpw.mods.modlauncher.TransformStore/MODLAUNCHER]: Adding transformer net.minecraftforge.coremod.transformer.CoreModClassTransformer@1a0c5e9 to Target : CLASS {Lnet/minecraft/world/level/levelgen/structure/structures/OceanMonumentPieces$OceanMonumentPiece;} {} {V}
[20Aug2025 21:19:17.925] [main/DEBUG] [cpw.mods.modlauncher.TransformStore/MODLAUNCHER]: Adding transformer net.minecraftforge.coremod.transformer.CoreModClassTransformer@1a0c5e9 to Target : CLASS {Lnet/minecraft/world/level/levelgen/structure/templatesystem/StructureTemplate;} {} {V}
[20Aug2025 21:19:17.925] [main/DEBUG] [cpw.mods.modlauncher.TransformStore/MODLAUNCHER]: Adding transformer net.minecraftforge.coremod.transformer.CoreModClassTransformer@1a0c5e9 to Target : CLASS {Lnet/minecraft/server/commands/SummonCommand;} {} {V}
[20Aug2025 21:19:17.927] [main/DEBUG] [cpw.mods.modlauncher.TransformStore/MODLAUNCHER]: Adding transformer net.minecraftforge.coremod.transformer.CoreModClassTransformer@1a0c5e9 to Target : CLASS {Lnet/minecraft/world/entity/npc/CatSpawner;} {} {V}
[20Aug2025 21:19:17.927] [main/DEBUG] [cpw.mods.modlauncher.TransformStore/MODLAUNCHER]: Adding transformer net.minecraftforge.coremod.transformer.CoreModClassTransformer@1a0c5e9 to Target : CLASS {Lnet/minecraft/world/entity/monster/ZombieVillager;} {} {V}
[20Aug2025 21:19:17.929] [main/DEBUG] [cpw.mods.modlauncher.TransformStore/MODLAUNCHER]: Adding transformer net.minecraftforge.coremod.transformer.CoreModClassTransformer@1a0c5e9 to Target : CLASS {Lnet/minecraft/server/commands/RaidCommand;} {} {V}
[20Aug2025 21:19:17.929] [main/DEBUG] [cpw.mods.modlauncher.TransformStore/MODLAUNCHER]: Adding transformer net.minecraftforge.coremod.transformer.CoreModClassTransformer@1a0c5e9 to Target : CLASS {Lnet/minecraft/world/level/levelgen/PatrolSpawner;} {} {V}
[20Aug2025 21:19:17.930] [main/DEBUG] [cpw.mods.modlauncher.TransformStore/MODLAUNCHER]: Adding transformer net.minecraftforge.coremod.transformer.CoreModClassTransformer@1a0c5e9 to Target : CLASS {Lnet/minecraft/world/level/levelgen/structure/structures/OceanRuinPieces$OceanRuinPiece;} {} {V}
[20Aug2025 21:19:17.930] [main/DEBUG] [cpw.mods.modlauncher.TransformStore/MODLAUNCHER]: Adding transformer net.minecraftforge.coremod.transformer.CoreModClassTransformer@1a0c5e9 to Target : CLASS {Lnet/minecraft/world/level/NaturalSpawner;} {} {V}
[20Aug2025 21:19:17.930] [main/DEBUG] [cpw.mods.modlauncher.TransformStore/MODLAUNCHER]: Adding transformer net.minecraftforge.coremod.transformer.CoreModClassTransformer@1a0c5e9 to Target : CLASS {Lnet/minecraft/world/entity/npc/Villager;} {} {V}
[20Aug2025 21:19:17.930] [main/DEBUG] [cpw.mods.modlauncher.TransformStore/MODLAUNCHER]: Adding transformer net.minecraftforge.coremod.transformer.CoreModClassTransformer@1a0c5e9 to Target : CLASS {Lnet/minecraft/world/level/levelgen/structure/structures/WoodlandMansionPieces$WoodlandMansionPiece;} {} {V}
[20Aug2025 21:19:17.930] [main/DEBUG] [cpw.mods.modlauncher.TransformStore/MODLAUNCHER]: Adding transformer net.minecraftforge.coremod.transformer.CoreModClassTransformer@1a0c5e9 to Target : CLASS {Lnet/minecraft/world/entity/animal/horse/SkeletonTrapGoal;} {} {V}
[20Aug2025 21:19:17.930] [main/DEBUG] [cpw.mods.modlauncher.TransformStore/MODLAUNCHER]: Adding transformer net.minecraftforge.coremod.transformer.CoreModClassTransformer@1a0c5e9 to Target : CLASS {Lnet/minecraft/world/entity/ai/village/VillageSiege;} {} {V}
[20Aug2025 21:19:17.930] [main/DEBUG] [cpw.mods.modlauncher.TransformStore/MODLAUNCHER]: Adding transformer net.minecraftforge.coremod.transformer.CoreModClassTransformer@1a0c5e9 to Target : CLASS {Lnet/minecraft/world/entity/monster/Spider;} {} {V}
[20Aug2025 21:19:17.931] [main/DEBUG] [cpw.mods.modlauncher.TransformStore/MODLAUNCHER]: Adding transformer net.minecraftforge.coremod.transformer.CoreModClassTransformer@1a0c5e9 to Target : CLASS {Lnet/minecraft/world/entity/monster/Zombie;} {} {V}
[20Aug2025 21:19:17.931] [main/DEBUG] [cpw.mods.modlauncher.TransformStore/MODLAUNCHER]: Adding transformer net.minecraftforge.coremod.transformer.CoreModClassTransformer@1a0c5e9 to Target : CLASS {Lnet/minecraft/world/level/levelgen/PhantomSpawner;} {} {V}
[20Aug2025 21:19:17.931] [main/DEBUG] [cpw.mods.modlauncher.TransformStore/MODLAUNCHER]: Adding transformer net.minecraftforge.coremod.transformer.CoreModClassTransformer@1a0c5e9 to Target : CLASS {Lnet/minecraft/world/entity/animal/frog/Tadpole;} {} {V}
[20Aug2025 21:19:17.931] [main/DEBUG] [cpw.mods.modlauncher.TransformationServiceDecorator/MODLAUNCHER]: Initialized transformers for transformation service fml
[20Aug2025 21:19:19.208] [main/DEBUG] [mixin/]: Processing prepare() for PlatformAgent[MixinPlatformAgentDefault:ModLauncher Root Container(ModLauncher:4f56a0a2)]
[20Aug2025 21:19:19.208] [main/DEBUG] [mixin/]: Processing launch tasks for PlatformAgent[MixinPlatformAgentDefault:ModLauncher Root Container(ModLauncher:4f56a0a2)]
[20Aug2025 21:19:19.215] [main/DEBUG] [mixin/]: Adding mixin platform agents for container SecureJarResource(minecraft)
[20Aug2025 21:19:19.216] [main/DEBUG] [mixin/]: Instancing new MixinPlatformAgentMinecraftForge for SecureJarResource(minecraft)
[20Aug2025 21:19:19.216] [main/DEBUG] [mixin/]: MixinPlatformAgentMinecraftForge rejected container SecureJarResource(minecraft)
[20Aug2025 21:19:19.216] [main/DEBUG] [mixin/]: Instancing new MixinPlatformAgentDefault for SecureJarResource(minecraft)
[20Aug2025 21:19:19.216] [main/DEBUG] [mixin/]: MixinPlatformAgentDefault accepted container SecureJarResource(minecraft)
[20Aug2025 21:19:19.216] [main/DEBUG] [mixin/]: Processing prepare() for PlatformAgent[MixinPlatformAgentDefault:SecureJarResource(minecraft)]
[20Aug2025 21:19:19.216] [main/DEBUG] [mixin/]: Adding mixin platform agents for container SecureJarResource(doppelgangermod)
[20Aug2025 21:19:19.216] [main/DEBUG] [mixin/]: Instancing new MixinPlatformAgentMinecraftForge for SecureJarResource(doppelgangermod)
[20Aug2025 21:19:19.216] [main/DEBUG] [mixin/]: MixinPlatformAgentMinecraftForge rejected container SecureJarResource(doppelgangermod)
[20Aug2025 21:19:19.217] [main/DEBUG] [mixin/]: Instancing new MixinPlatformAgentDefault for SecureJarResource(doppelgangermod)
[20Aug2025 21:19:19.217] [main/DEBUG] [mixin/]: MixinPlatformAgentDefault accepted container SecureJarResource(doppelgangermod)
[20Aug2025 21:19:19.217] [main/DEBUG] [mixin/]: Processing prepare() for PlatformAgent[MixinPlatformAgentDefault:SecureJarResource(doppelgangermod)]
[20Aug2025 21:19:19.217] [main/DEBUG] [mixin/]: Adding mixin platform agents for container SecureJarResource(kuma_api)
[20Aug2025 21:19:19.217] [main/DEBUG] [mixin/]: Instancing new MixinPlatformAgentMinecraftForge for SecureJarResource(kuma_api)
[20Aug2025 21:19:19.217] [main/DEBUG] [mixin/]: MixinPlatformAgentMinecraftForge rejected container SecureJarResource(kuma_api)
[20Aug2025 21:19:19.222] [main/DEBUG] [mixin/]: Instancing new MixinPlatformAgentDefault for SecureJarResource(kuma_api)
[20Aug2025 21:19:19.222] [main/DEBUG] [mixin/]: MixinPlatformAgentDefault accepted container SecureJarResource(kuma_api)
[20Aug2025 21:19:19.223] [main/DEBUG] [mixin/]: Processing prepare() for PlatformAgent[MixinPlatformAgentDefault:SecureJarResource(kuma_api)]
[20Aug2025 21:19:19.223] [main/DEBUG] [mixin/]: Registering mixin config: kuma_api.mixins.json
[20Aug2025 21:19:19.256] [main/DEBUG] [mixin/]: Compatibility level JAVA_17 specified by kuma_api.mixins.json is higher than the maximum level supported by this version of mixin (JAVA_13).
[20Aug2025 21:19:19.264] [main/INFO] [mixin/]: Compatibility level set to JAVA_17
[20Aug2025 21:19:19.271] [main/DEBUG] [mixin/]: Registering mixin config: kuma_api.forge.mixins.json
[20Aug2025 21:19:19.275] [main/DEBUG] [mixin/]: Adding mixin platform agents for container SecureJarResource(tombstone)
[20Aug2025 21:19:19.276] [main/DEBUG] [mixin/]: Instancing new MixinPlatformAgentMinecraftForge for SecureJarResource(tombstone)
[20Aug2025 21:19:19.276] [main/DEBUG] [mixin/]: MixinPlatformAgentMinecraftForge rejected container SecureJarResource(tombstone)
[20Aug2025 21:19:19.276] [main/DEBUG] [mixin/]: Instancing new MixinPlatformAgentDefault for SecureJarResource(tombstone)
[20Aug2025 21:19:19.276] [main/DEBUG] [mixin/]: MixinPlatformAgentDefault accepted container SecureJarResource(tombstone)
[20Aug2025 21:19:19.276] [main/DEBUG] [mixin/]: Processing prepare() for PlatformAgent[MixinPlatformAgentDefault:SecureJarResource(tombstone)]
[20Aug2025 21:19:19.276] [main/DEBUG] [mixin/]: Registering mixin config: tombstone.mixins.json
[20Aug2025 21:19:19.280] [main/DEBUG] [mixin/]: Adding mixin platform agents for container SecureJarResource(killers)
[20Aug2025 21:19:19.280] [main/DEBUG] [mixin/]: Instancing new MixinPlatformAgentMinecraftForge for SecureJarResource(killers)
[20Aug2025 21:19:19.280] [main/DEBUG] [mixin/]: MixinPlatformAgentMinecraftForge rejected container SecureJarResource(killers)
[20Aug2025 21:19:19.282] [main/DEBUG] [mixin/]: Instancing new MixinPlatformAgentDefault for SecureJarResource(killers)
[20Aug2025 21:19:19.282] [main/DEBUG] [mixin/]: MixinPlatformAgentDefault accepted container SecureJarResource(killers)
[20Aug2025 21:19:19.283] [main/DEBUG] [mixin/]: Processing prepare() for PlatformAgent[MixinPlatformAgentDefault:SecureJarResource(killers)]
[20Aug2025 21:19:19.283] [main/DEBUG] [mixin/]: Adding mixin platform agents for container SecureJarResource(geckolib)
[20Aug2025 21:19:19.283] [main/DEBUG] [mixin/]: Instancing new MixinPlatformAgentMinecraftForge for SecureJarResource(geckolib)
[20Aug2025 21:19:19.283] [main/DEBUG] [mixin/]: MixinPlatformAgentMinecraftForge rejected container SecureJarResource(geckolib)
[20Aug2025 21:19:19.283] [main/DEBUG] [mixin/]: Instancing new MixinPlatformAgentDefault for SecureJarResource(geckolib)
[20Aug2025 21:19:19.283] [main/DEBUG] [mixin/]: MixinPlatformAgentDefault accepted container SecureJarResource(geckolib)
[20Aug2025 21:19:19.283] [main/DEBUG] [mixin/]: Processing prepare() for PlatformAgent[MixinPlatformAgentDefault:SecureJarResource(geckolib)]
[20Aug2025 21:19:19.285] [main/DEBUG] [mixin/]: Registering mixin config: geckolib.mixins.json
[20Aug2025 21:19:19.291] [main/DEBUG] [mixin/]: Adding mixin platform agents for container SecureJarResource(cave_dweller)
[20Aug2025 21:19:19.295] [main/DEBUG] [mixin/]: Instancing new MixinPlatformAgentMinecraftForge for SecureJarResource(cave_dweller)
[20Aug2025 21:19:19.297] [main/DEBUG] [mixin/]: MixinPlatformAgentMinecraftForge rejected container SecureJarResource(cave_dweller)
[20Aug2025 21:19:19.298] [main/DEBUG] [mixin/]: Instancing new MixinPlatformAgentDefault for SecureJarResource(cave_dweller)
[20Aug2025 21:19:19.298] [main/DEBUG] [mixin/]: MixinPlatformAgentDefault accepted container SecureJarResource(cave_dweller)
[20Aug2025 21:19:19.298] [main/DEBUG] [mixin/]: Processing prepare() for PlatformAgent[MixinPlatformAgentDefault:SecureJarResource(cave_dweller)]
[20Aug2025 21:19:19.298] [main/DEBUG] [mixin/]: Registering mixin config: cave_dweller.mixins.json
[20Aug2025 21:19:19.304] [main/DEBUG] [mixin/]: Adding mixin platform agents for container SecureJarResource(watching)
[20Aug2025 21:19:19.305] [main/DEBUG] [mixin/]: Instancing new MixinPlatformAgentMinecraftForge for SecureJarResource(watching)
[20Aug2025 21:19:19.305] [main/DEBUG] [mixin/]: MixinPlatformAgentMinecraftForge rejected container SecureJarResource(watching)
[20Aug2025 21:19:19.307] [main/DEBUG] [mixin/]: Instancing new MixinPlatformAgentDefault for SecureJarResource(watching)
[20Aug2025 21:19:19.307] [main/DEBUG] [mixin/]: MixinPlatformAgentDefault accepted container SecureJarResource(watching)
[20Aug2025 21:19:19.307] [main/DEBUG] [mixin/]: Processing prepare() for PlatformAgent[MixinPlatformAgentDefault:SecureJarResource(watching)]
[20Aug2025 21:19:19.308] [main/DEBUG] [mixin/]: Adding mixin platform agents for container SecureJarResource(balm)
[20Aug2025 21:19:19.308] [main/DEBUG] [mixin/]: Instancing new MixinPlatformAgentMinecraftForge for SecureJarResource(balm)
[20Aug2025 21:19:19.308] [main/DEBUG] [mixin/]: MixinPlatformAgentMinecraftForge rejected container SecureJarResource(balm)
[20Aug2025 21:19:19.308] [main/DEBUG] [mixin/]: Instancing new MixinPlatformAgentDefault for SecureJarResource(balm)
[20Aug2025 21:19:19.308] [main/DEBUG] [mixin/]: MixinPlatformAgentDefault accepted container SecureJarResource(balm)
[20Aug2025 21:19:19.312] [main/DEBUG] [mixin/]: Processing prepare() for PlatformAgent[MixinPlatformAgentDefault:SecureJarResource(balm)]
[20Aug2025 21:19:19.312] [main/DEBUG] [mixin/]: Registering mixin config: balm.mixins.json
[20Aug2025 21:19:19.314] [main/DEBUG] [mixin/]: Adding mixin platform agents for container SecureJarResource(jei)
[20Aug2025 21:19:19.314] [main/DEBUG] [mixin/]: Instancing new MixinPlatformAgentMinecraftForge for SecureJarResource(jei)
[20Aug2025 21:19:19.314] [main/DEBUG] [mixin/]: MixinPlatformAgentMinecraftForge rejected container SecureJarResource(jei)
[20Aug2025 21:19:19.314] [main/DEBUG] [mixin/]: Instancing new MixinPlatformAgentDefault for SecureJarResource(jei)
[20Aug2025 21:19:19.314] [main/DEBUG] [mixin/]: MixinPlatformAgentDefault accepted container SecureJarResource(jei)
[20Aug2025 21:19:19.314] [main/DEBUG] [mixin/]: Processing prepare() for PlatformAgent[MixinPlatformAgentDefault:SecureJarResource(jei)]
[20Aug2025 21:19:19.314] [main/DEBUG] [mixin/]: Adding mixin platform agents for container SecureJarResource(sasquatch)
[20Aug2025 21:19:19.327] [main/DEBUG] [mixin/]: Instancing new MixinPlatformAgentMinecraftForge for SecureJarResource(sasquatch)
[20Aug2025 21:19:19.327] [main/DEBUG] [mixin/]: MixinPlatformAgentMinecraftForge rejected container SecureJarResource(sasquatch)
[20Aug2025 21:19:19.327] [main/DEBUG] [mixin/]: Instancing new MixinPlatformAgentDefault for SecureJarResource(sasquatch)
[20Aug2025 21:19:19.327] [main/DEBUG] [mixin/]: MixinPlatformAgentDefault accepted container SecureJarResource(sasquatch)
[20Aug2025 21:19:19.327] [main/DEBUG] [mixin/]: Processing prepare() for PlatformAgent[MixinPlatformAgentDefault:SecureJarResource(sasquatch)]
[20Aug2025 21:19:19.328] [main/DEBUG] [mixin/]: Adding mixin platform agents for container SecureJarResource(goat_man)
[20Aug2025 21:19:19.328] [main/DEBUG] [mixin/]: Instancing new MixinPlatformAgentMinecraftForge for SecureJarResource(goat_man)
[20Aug2025 21:19:19.329] [main/DEBUG] [mixin/]: MixinPlatformAgentMinecraftForge rejected container SecureJarResource(goat_man)
[20Aug2025 21:19:19.331] [main/DEBUG] [mixin/]: Instancing new MixinPlatformAgentDefault for SecureJarResource(goat_man)
[20Aug2025 21:19:19.331] [main/DEBUG] [mixin/]: MixinPlatformAgentDefault accepted container SecureJarResource(goat_man)
[20Aug2025 21:19:19.333] [main/DEBUG] [mixin/]: Processing prepare() for PlatformAgent[MixinPlatformAgentDefault:SecureJarResource(goat_man)]
[20Aug2025 21:19:19.336] [main/DEBUG] [mixin/]: Registering mixin config: goat_man.mixins.json
[20Aug2025 21:19:19.338] [main/DEBUG] [mixin/]: Adding mixin platform agents for container SecureJarResource(forge)
[20Aug2025 21:19:19.342] [main/DEBUG] [mixin/]: Instancing new MixinPlatformAgentMinecraftForge for SecureJarResource(forge)
[20Aug2025 21:19:19.346] [main/DEBUG] [mixin/]: MixinPlatformAgentMinecraftForge rejected container SecureJarResource(forge)
[20Aug2025 21:19:19.346] [main/DEBUG] [mixin/]: Instancing new MixinPlatformAgentDefault for SecureJarResource(forge)
[20Aug2025 21:19:19.347] [main/DEBUG] [mixin/]: MixinPlatformAgentDefault accepted container SecureJarResource(forge)
[20Aug2025 21:19:19.347] [main/DEBUG] [mixin/]: Processing prepare() for PlatformAgent[MixinPlatformAgentDefault:SecureJarResource(forge)]
[20Aug2025 21:19:19.347] [main/DEBUG] [mixin/]: Adding mixin platform agents for container SecureJarResource(waystones)
[20Aug2025 21:19:19.347] [main/DEBUG] [mixin/]: Instancing new MixinPlatformAgentMinecraftForge for SecureJarResource(waystones)
[20Aug2025 21:19:19.347] [main/DEBUG] [mixin/]: MixinPlatformAgentMinecraftForge rejected container SecureJarResource(waystones)
[20Aug2025 21:19:19.350] [main/DEBUG] [mixin/]: Instancing new MixinPlatformAgentDefault for SecureJarResource(waystones)
[20Aug2025 21:19:19.350] [main/DEBUG] [mixin/]: MixinPlatformAgentDefault accepted container SecureJarResource(waystones)
[20Aug2025 21:19:19.351] [main/DEBUG] [mixin/]: Processing prepare() for PlatformAgent[MixinPlatformAgentDefault:SecureJarResource(waystones)]
[20Aug2025 21:19:19.355] [main/DEBUG] [mixin/]: Registering mixin config: waystones.mixins.json
[20Aug2025 21:19:19.362] [main/DEBUG] [mixin/]: Adding mixin platform agents for container SecureJarResource(journeymap)
[20Aug2025 21:19:19.362] [main/DEBUG] [mixin/]: Instancing new MixinPlatformAgentMinecraftForge for SecureJarResource(journeymap)
[20Aug2025 21:19:19.362] [main/DEBUG] [mixin/]: MixinPlatformAgentMinecraftForge rejected container SecureJarResource(journeymap)
[20Aug2025 21:19:19.362] [main/DEBUG] [mixin/]: Instancing new MixinPlatformAgentDefault for SecureJarResource(journeymap)
[20Aug2025 21:19:19.362] [main/DEBUG] [mixin/]: MixinPlatformAgentDefault accepted container SecureJarResource(journeymap)
[20Aug2025 21:19:19.365] [main/DEBUG] [mixin/]: Processing prepare() for PlatformAgent[MixinPlatformAgentDefault:SecureJarResource(journeymap)]
[20Aug2025 21:19:19.366] [main/DEBUG] [mixin/]: Registering mixin config: journeymap.mixins.json
[20Aug2025 21:19:19.367] [main/DEBUG] [mixin/]: Adding mixin platform agents for container SecureJarResource(mclib)
[20Aug2025 21:19:19.373] [main/DEBUG] [mixin/]: Instancing new MixinPlatformAgentMinecraftForge for SecureJarResource(mclib)
[20Aug2025 21:19:19.378] [main/DEBUG] [mixin/]: MixinPlatformAgentMinecraftForge rejected container SecureJarResource(mclib)
[20Aug2025 21:19:19.378] [main/DEBUG] [mixin/]: Instancing new MixinPlatformAgentDefault for SecureJarResource(mclib)
[20Aug2025 21:19:19.378] [main/DEBUG] [mixin/]: MixinPlatformAgentDefault accepted container SecureJarResource(mclib)
[20Aug2025 21:19:19.378] [main/DEBUG] [mixin/]: Processing prepare() for PlatformAgent[MixinPlatformAgentDefault:SecureJarResource(mclib)]
[20Aug2025 21:19:19.378] [main/DEBUG] [mixin/]: inject() running with 17 agents
[20Aug2025 21:19:19.379] [main/DEBUG] [mixin/]: Processing inject() for PlatformAgent[MixinPlatformAgentDefault:ModLauncher Root Container(ModLauncher:4f56a0a2)]
[20Aug2025 21:19:19.380] [main/DEBUG] [mixin/]: Processing inject() for PlatformAgent[MixinPlatformAgentDefault:SecureJarResource(minecraft)]
[20Aug2025 21:19:19.380] [main/DEBUG] [mixin/]: Processing inject() for PlatformAgent[MixinPlatformAgentDefault:SecureJarResource(doppelgangermod)]
[20Aug2025 21:19:19.384] [main/DEBUG] [mixin/]: Processing inject() for PlatformAgent[MixinPlatformAgentDefault:SecureJarResource(kuma_api)]
[20Aug2025 21:19:19.384] [main/DEBUG] [mixin/]: Processing inject() for PlatformAgent[MixinPlatformAgentDefault:SecureJarResource(tombstone)]
[20Aug2025 21:19:19.385] [main/DEBUG] [mixin/]: Processing inject() for PlatformAgent[MixinPlatformAgentDefault:SecureJarResource(killers)]
[20Aug2025 21:19:19.385] [main/DEBUG] [mixin/]: Processing inject() for PlatformAgent[MixinPlatformAgentDefault:SecureJarResource(geckolib)]
[20Aug2025 21:19:19.385] [main/DEBUG] [mixin/]: Processing inject() for PlatformAgent[MixinPlatformAgentDefault:SecureJarResource(cave_dweller)]
[20Aug2025 21:19:19.385] [main/DEBUG] [mixin/]: Processing inject() for PlatformAgent[MixinPlatformAgentDefault:SecureJarResource(watching)]
[20Aug2025 21:19:19.386] [main/DEBUG] [mixin/]: Processing inject() for PlatformAgent[MixinPlatformAgentDefault:SecureJarResource(balm)]
[20Aug2025 21:19:19.386] [main/DEBUG] [mixin/]: Processing inject() for PlatformAgent[MixinPlatformAgentDefault:SecureJarResource(jei)]
[20Aug2025 21:19:19.386] [main/DEBUG] [mixin/]: Processing inject() for PlatformAgent[MixinPlatformAgentDefault:SecureJarResource(sasquatch)]
[20Aug2025 21:19:19.386] [main/DEBUG] [mixin/]: Processing inject() for PlatformAgent[MixinPlatformAgentDefault:SecureJarResource(goat_man)]
[20Aug2025 21:19:19.386] [main/DEBUG] [mixin/]: Processing inject() for PlatformAgent[MixinPlatformAgentDefault:SecureJarResource(forge)]
[20Aug2025 21:19:19.387] [main/DEBUG] [mixin/]: Processing inject() for PlatformAgent[MixinPlatformAgentDefault:SecureJarResource(waystones)]
[20Aug2025 21:19:19.387] [main/DEBUG] [mixin/]: Processing inject() for PlatformAgent[MixinPlatformAgentDefault:SecureJarResource(journeymap)]
[20Aug2025 21:19:19.387] [main/DEBUG] [mixin/]: Processing inject() for PlatformAgent[MixinPlatformAgentDefault:SecureJarResource(mclib)]
[20Aug2025 21:19:19.387] [main/INFO] [cpw.mods.modlauncher.LaunchServiceHandler/MODLAUNCHER]: Launching target 'forgeserver' with arguments [nogui]
[20Aug2025 21:19:19.451] [main/DEBUG] [mixin/]: Error cleaning class output directory: .mixin.out
[20Aug2025 21:19:19.461] [main/DEBUG] [mixin/]: Preparing mixins for MixinEnvironment[DEFAULT]
[20Aug2025 21:19:19.461] [main/DEBUG] [mixin/]: Selecting config kuma_api.mixins.json
[20Aug2025 21:19:19.468] [main/DEBUG] [mixin/]: Selecting config kuma_api.forge.mixins.json
[20Aug2025 21:19:19.473] [main/DEBUG] [mixin/]: Selecting config tombstone.mixins.json
[20Aug2025 21:19:19.479] [main/DEBUG] [mixin/]: Selecting config geckolib.mixins.json
[20Aug2025 21:19:19.482] [main/DEBUG] [mixin/]: Selecting config cave_dweller.mixins.json
[20Aug2025 21:19:19.485] [main/DEBUG] [mixin/]: Selecting config balm.mixins.json
[20Aug2025 21:19:19.510] [main/DEBUG] [mixin/]: Selecting config goat_man.mixins.json
[20Aug2025 21:19:19.513] [main/DEBUG] [mixin/]: Selecting config waystones.mixins.json
[20Aug2025 21:19:19.516] [main/DEBUG] [mixin/]: Selecting config journeymap.mixins.json
[20Aug2025 21:19:19.519] [main/DEBUG] [mixin/]: Preparing kuma_api.mixins.json (1)
[20Aug2025 21:19:19.520] [main/DEBUG] [mixin/]: Preparing kuma_api.forge.mixins.json (0)
[20Aug2025 21:19:19.522] [main/DEBUG] [mixin/]: Preparing tombstone.mixins.json (27)
[20Aug2025 21:19:19.861] [main/DEBUG] [net.minecraftforge.coremod.transformer.CoreModBaseTransformer/COREMOD]: Transforming net/minecraft/world/item/ItemStack
[20Aug2025 21:19:20.150] [main/DEBUG] [net.minecraftforge.coremod.transformer.CoreModBaseTransformer/COREMOD]: Transforming net/minecraft/world/entity/npc/Villager
[20Aug2025 21:19:20.795] [main/DEBUG] [mixin/]: Preparing geckolib.mixins.json (1)
[20Aug2025 21:19:20.799] [main/DEBUG] [mixin/]: Preparing cave_dweller.mixins.json (3)
[20Aug2025 21:19:20.812] [main/DEBUG] [mixin/]: Preparing balm.mixins.json (17)
[20Aug2025 21:19:20.899] [main/DEBUG] [mixin/]: Preparing goat_man.mixins.json (3)
[20Aug2025 21:19:20.903] [main/DEBUG] [mixin/]: Preparing waystones.mixins.json (3)
[20Aug2025 21:19:20.922] [main/DEBUG] [mixin/]: Preparing journeymap.mixins.json (3)
[20Aug2025 21:19:20.968] [main/DEBUG] [mixin/]: Registering new injector for @Inject with org.spongepowered.asm.mixin.injection.struct.CallbackInjectionInfo
[20Aug2025 21:19:20.976] [main/DEBUG] [mixin/]: Registering new injector for @ModifyArg with org.spongepowered.asm.mixin.injection.struct.ModifyArgInjectionInfo
[20Aug2025 21:19:20.979] [main/DEBUG] [mixin/]: Registering new injector for @ModifyArgs with org.spongepowered.asm.mixin.injection.struct.ModifyArgsInjectionInfo
[20Aug2025 21:19:20.985] [main/DEBUG] [mixin/]: Registering new injector for @Redirect with org.spongepowered.asm.mixin.injection.struct.RedirectInjectionInfo
[20Aug2025 21:19:20.986] [main/DEBUG] [mixin/]: Registering new injector for @ModifyVariable with org.spongepowered.asm.mixin.injection.struct.ModifyVariableInjectionInfo
[20Aug2025 21:19:20.991] [main/DEBUG] [mixin/]: Registering new injector for @ModifyConstant with org.spongepowered.asm.mixin.injection.struct.ModifyConstantInjectionInfo
[20Aug2025 21:19:21.069] [main/DEBUG] [mixin/]: Prepared 37 mixins in 1.605 sec (43.4ms avg) (0ms load, 0ms transform, 0ms plugin)
[20Aug2025 21:19:21.127] [main/DEBUG] [mixin/]: Mixing MinecraftServerMixin from balm.mixins.json into net.minecraft.server.MinecraftServer
[20Aug2025 21:19:21.144] [main/DEBUG] [mixin/]: Renaming synthetic method lambda$reloadResources$0(Ljava/lang/Void;)V to md4e3fab$lambda$reloadResources$0$0 in balm.mixins.json:MinecraftServerMixin
[20Aug2025 21:19:21.394] [main/DEBUG] [mixin/]: Mixing DedicatedServerMixin from tombstone.mixins.json into net.minecraft.server.dedicated.DedicatedServer
[20Aug2025 21:19:21.585] [main/DEBUG] [io.netty.util.internal.logging.InternalLoggerFactory/]: Using SLF4J as the default logging framework
[20Aug2025 21:19:21.592] [main/DEBUG] [io.netty.util.ResourceLeakDetector/]: -Dio.netty.leakDetection.level: simple
[20Aug2025 21:19:21.592] [main/DEBUG] [io.netty.util.ResourceLeakDetector/]: -Dio.netty.leakDetection.targetRecords: 4
[20Aug2025 21:19:21.891] [main/DEBUG] [oshi.util.FileUtil/]: No oshi.properties file found from ClassLoader cpw.mods.modlauncher.TransformingClassLoader@77ab22be
[20Aug2025 21:19:21.896] [main/DEBUG] [oshi.util.FileUtil/]: No oshi.properties file found from ClassLoader jdk.internal.loader.ClassLoaders$AppClassLoader@76ed5528
[20Aug2025 21:19:22.012] [main/DEBUG] [oshi.util.FileUtil/]: Reading file /proc/self/auxv
[20Aug2025 21:19:22.016] [main/DEBUG] [oshi.util.FileUtil/]: Reading file /proc/self/auxv
[20Aug2025 21:19:22.039] [main/DEBUG] [oshi.util.FileUtil/]: Reading file /proc/stat
[20Aug2025 21:19:22.091] [main/DEBUG] [oshi.util.FileUtil/]: Reading file /sys/devices/system/cpu/cpu0/topology/core_id
[20Aug2025 21:19:22.095] [main/DEBUG] [oshi.util.FileUtil/]: Reading file /sys/devices/system/cpu/cpu0/topology/core_id
[20Aug2025 21:19:22.097] [main/DEBUG] [oshi.util.FileUtil/]: Reading file /sys/devices/system/cpu/cpu0/topology/physical_package_id
[20Aug2025 21:19:22.100] [main/DEBUG] [oshi.util.FileUtil/]: Reading file /sys/devices/system/cpu/cpu0/topology/physical_package_id
[20Aug2025 21:19:22.101] [main/DEBUG] [oshi.util.FileUtil/]: Reading file /sys/devices/system/cpu/cpu0/cpu_capacity
[20Aug2025 21:19:22.103] [main/DEBUG] [oshi.util.FileUtil/]: Reading file /sys/devices/system/cpu/cpu1/topology/core_id
[20Aug2025 21:19:22.103] [main/DEBUG] [oshi.util.FileUtil/]: Reading file /sys/devices/system/cpu/cpu1/topology/core_id
[20Aug2025 21:19:22.104] [main/DEBUG] [oshi.util.FileUtil/]: Reading file /sys/devices/system/cpu/cpu1/topology/physical_package_id
[20Aug2025 21:19:22.104] [main/DEBUG] [oshi.util.FileUtil/]: Reading file /sys/devices/system/cpu/cpu1/topology/physical_package_id
[20Aug2025 21:19:22.104] [main/DEBUG] [oshi.util.FileUtil/]: Reading file /sys/devices/system/cpu/cpu1/cpu_capacity
[20Aug2025 21:19:22.106] [main/DEBUG] [oshi.util.FileUtil/]: Reading file /proc/cpuinfo
[20Aug2025 21:19:22.130] [main/DEBUG] [oshi.util.FileUtil/]: Reading file /proc/self/auxv
[20Aug2025 21:19:22.133] [main/DEBUG] [oshi.util.FileUtil/]: No oshi.architecture.properties file found from ClassLoader cpw.mods.modlauncher.TransformingClassLoader@77ab22be
[20Aug2025 21:19:22.133] [main/DEBUG] [oshi.util.FileUtil/]: No oshi.architecture.properties file found from ClassLoader jdk.internal.loader.ClassLoaders$AppClassLoader@76ed5528
[20Aug2025 21:19:22.181] [main/DEBUG] [oshi.util.FileUtil/]: Reading file /proc/meminfo
[20Aug2025 21:19:22.182] [main/DEBUG] [oshi.util.FileUtil/]: Reading file /proc/meminfo
[20Aug2025 21:19:22.481] [main/DEBUG] [mixin/]: Mixing EntityMixin from tombstone.mixins.json into net.minecraft.world.entity.Entity
[20Aug2025 21:19:22.493] [main/DEBUG] [mixin/]: Mixing EntityMixin from balm.mixins.json into net.minecraft.world.entity.Entity
[20Aug2025 21:19:22.645] [main/DEBUG] [mixin/]: Mixing LivingEntityMixin from tombstone.mixins.json into net.minecraft.world.entity.LivingEntity
[20Aug2025 21:19:22.683] [main/DEBUG] [mixin/]: Mixing MixinLivingEntity from cave_dweller.mixins.json into net.minecraft.world.entity.LivingEntity
[20Aug2025 21:19:22.704] [main/DEBUG] [mixin/]: Mixing MixinLivingEntity from goat_man.mixins.json into net.minecraft.world.entity.LivingEntity
[20Aug2025 21:19:22.746] [main/DEBUG] [net.minecraftforge.coremod.transformer.CoreModBaseTransformer/COREMOD]: Transforming net/minecraft/world/entity/EntityType
[20Aug2025 21:19:23.544] [main/DEBUG] [mixin/]: Mixing ItemMixin from tombstone.mixins.json into net.minecraft.world.item.Item
[20Aug2025 21:19:23.546] [main/DEBUG] [mixin/]: Renaming synthetic method lambda$methodIsFoil$1(Lnet/minecraft/world/item/ItemStack;Lovh/corail/tombstone/api/capability/ISoulConsumer;)Ljava/lang/Boolean; to md4e3fab$lambda$methodIsFoil$1$0 in tombstone.mixins.json:ItemMixin
[20Aug2025 21:19:23.547] [main/DEBUG] [mixin/]: Renaming synthetic method lambda$methodGetName$0(Lnet/minecraft/world/item/ItemStack;Lovh/corail/tombstone/api/capability/ISoulConsumer;)Ljava/lang/Boolean; to md4e3fab$lambda$methodGetName$0$1 in tombstone.mixins.json:ItemMixin
[20Aug2025 21:19:23.624] [main/DEBUG] [net.minecraftforge.coremod.transformer.CoreModBaseTransformer/COREMOD]: Transforming net/minecraft/world/effect/MobEffectInstance
[20Aug2025 21:19:23.674] [main/DEBUG] [net.minecraftforge.coremod.transformer.CoreModBaseTransformer/COREMOD]: Transforming net/minecraft/world/entity/EntityType
[20Aug2025 21:19:24.493] [main/DEBUG] [net.minecraftforge.coremod.transformer.CoreModBaseTransformer/COREMOD]: Transforming net/minecraft/world/level/block/LiquidBlock
[20Aug2025 21:19:24.613] [main/DEBUG] [net.minecraftforge.coremod.transformer.CoreModBaseTransformer/COREMOD]: Transforming net/minecraft/world/level/block/StairBlock
[20Aug2025 21:19:24.636] [main/DEBUG] [mixin/]: Mixing ChestBlockMixin from tombstone.mixins.json into net.minecraft.world.level.block.ChestBlock
[20Aug2025 21:19:24.688] [main/DEBUG] [mixin/]: Mixing CropBlockMixin from balm.mixins.json into net.minecraft.world.level.block.CropBlock
[20Aug2025 21:19:24.851] [main/DEBUG] [mixin/]: Mixing StemBlockMixin from balm.mixins.json into net.minecraft.world.level.block.StemBlock
[20Aug2025 21:19:24.920] [main/DEBUG] [net.minecraftforge.coremod.transformer.CoreModBaseTransformer/COREMOD]: Transforming net/minecraft/world/level/block/FlowerPotBlock
[20Aug2025 21:19:25.405] [main/DEBUG] [mixin/]: Mixing BrushableBlockEntityMixin from tombstone.mixins.json into net.minecraft.world.level.block.entity.BrushableBlockEntity
[20Aug2025 21:19:27.212] [main/DEBUG] [mixin/]: Mixing MobMixin from tombstone.mixins.json into net.minecraft.world.entity.Mob
[20Aug2025 21:19:27.218] [main/DEBUG] [mixin/]: Renaming synthetic method lambda$methodSetTarget$2(Lnet/minecraft/world/entity/LivingEntity;Ljava/util/UUID;)Ljava/lang/Boolean; to md4e3fab$lambda$methodSetTarget$2$0 in tombstone.mixins.json:MobMixin
[20Aug2025 21:19:27.218] [main/DEBUG] [mixin/]: Renaming synthetic method lambda$methodCanBeLeashed$1(Lnet/minecraft/world/entity/player/Player;Ljava/util/UUID;)Ljava/lang/Boolean; to md4e3fab$lambda$methodCanBeLeashed$1$1 in tombstone.mixins.json:MobMixin
[20Aug2025 21:19:27.219] [main/DEBUG] [mixin/]: Renaming synthetic method lambda$methodTick$0(Lnet/minecraft/world/entity/Mob;Lovh/corail/tombstone/api/capability/ISpellCaster;)V to md4e3fab$lambda$methodTick$0$2 in tombstone.mixins.json:MobMixin
[20Aug2025 21:19:27.388] [main/DEBUG] [mixin/]: Mixing MonsterMixin from tombstone.mixins.json into net.minecraft.world.entity.monster.Monster
[20Aug2025 21:19:27.560] [main/DEBUG] [net.minecraftforge.coremod.transformer.CoreModBaseTransformer/COREMOD]: Transforming net/minecraft/world/item/ItemStack
[20Aug2025 21:19:27.563] [main/DEBUG] [mixin/]: Mixing ItemStackMixin from tombstone.mixins.json into net.minecraft.world.item.ItemStack
[20Aug2025 21:19:29.295] [main/DEBUG] [net.minecraftforge.coremod.transformer.CoreModBaseTransformer/COREMOD]: Transforming net/minecraft/world/entity/animal/frog/Tadpole
[20Aug2025 21:19:29.381] [main/DEBUG] [net.minecraftforge.coremod.transformer.CoreModBaseTransformer/COREMOD]: Transforming net/minecraft/world/item/BucketItem
[20Aug2025 21:19:29.392] [main/DEBUG] [mixin/]: Mixing BundleItemMixin from tombstone.mixins.json into net.minecraft.world.item.BundleItem
[20Aug2025 21:19:29.392] [main/DEBUG] [mixin/]: Renaming synthetic method lambda$getEnchantmentLevel$0(Lnet/minecraft/world/item/ItemStack;Lovh/corail/tombstone/api/capability/ISoulConsumer;)Ljava/lang/Boolean; to md4e3fab$lambda$getEnchantmentLevel$0$0 in tombstone.mixins.json:BundleItemMixin
[20Aug2025 21:19:29.407] [main/DEBUG] [mixin/]: Mixing PotionItemMixin from tombstone.mixins.json into net.minecraft.world.item.PotionItem
[20Aug2025 21:19:29.408] [main/DEBUG] [mixin/]: Renaming synthetic method lambda$methodFinishUsingItemReturn$1(Lnet/minecraft/world/entity/LivingEntity;Lovh/corail/tombstone/api/capability/ITBCapability;)V to md4e3fab$lambda$methodFinishUsingItemReturn$1$0 in tombstone.mixins.json:PotionItemMixin
[20Aug2025 21:19:29.410] [main/DEBUG] [mixin/]: Renaming synthetic method lambda$effectList$0(Lnet/minecraft/world/effect/MobEffectInstance;)Ljava/lang/Integer; to md4e3fab$lambda$effectList$0$1 in tombstone.mixins.json:PotionItemMixin
[20Aug2025 21:19:29.551] [main/DEBUG] [mixin/]: Mixing MixinPathNavigation from cave_dweller.mixins.json into net.minecraft.world.entity.ai.navigation.PathNavigation
[20Aug2025 21:19:29.553] [main/DEBUG] [mixin/]: Mixing MixinPathNavigation from goat_man.mixins.json into net.minecraft.world.entity.ai.navigation.PathNavigation
[20Aug2025 21:19:29.566] [main/DEBUG] [mixin/]: Mixing MixinGroundPathNavigation from cave_dweller.mixins.json into net.minecraft.world.entity.ai.navigation.GroundPathNavigation
[20Aug2025 21:19:29.568] [main/DEBUG] [mixin/]: Mixing MixinGroundPathNavigation from goat_man.mixins.json into net.minecraft.world.entity.ai.navigation.GroundPathNavigation
[20Aug2025 21:19:30.508] [main/DEBUG] [mixin/]: Mixing HurtByTargetGoalMixin from tombstone.mixins.json into net.minecraft.world.entity.ai.goal.target.HurtByTargetGoal
[20Aug2025 21:19:30.513] [main/DEBUG] [mixin/]: Mixing accessor.TargetGoalAccessor from tombstone.mixins.json into net.minecraft.world.entity.ai.goal.target.TargetGoal
[20Aug2025 21:19:30.584] [main/DEBUG] [net.minecraftforge.coremod.transformer.CoreModBaseTransformer/COREMOD]: Transforming net/minecraft/world/entity/monster/Spider
[20Aug2025 21:19:30.662] [main/DEBUG] [net.minecraftforge.coremod.transformer.CoreModBaseTransformer/COREMOD]: Transforming net/minecraft/world/entity/monster/Zombie
[20Aug2025 21:19:30.797] [main/DEBUG] [net.minecraftforge.coremod.transformer.CoreModBaseTransformer/COREMOD]: Transforming net/minecraft/world/entity/monster/ZombieVillager
[20Aug2025 21:19:30.921] [main/DEBUG] [net.minecraftforge.coremod.transformer.CoreModBaseTransformer/COREMOD]: Transforming net/minecraft/world/entity/monster/Evoker$EvokerSummonSpellGoal
[20Aug2025 21:19:31.115] [main/DEBUG] [net.minecraftforge.coremod.transformer.CoreModBaseTransformer/COREMOD]: Transforming net/minecraft/world/entity/animal/horse/SkeletonTrapGoal
[20Aug2025 21:19:31.147] [main/DEBUG] [net.minecraftforge.coremod.transformer.CoreModBaseTransformer/COREMOD]: Transforming net/minecraft/world/entity/monster/Strider
[20Aug2025 21:19:31.247] [main/DEBUG] [mixin/]: Mixing ServerPlayerMixin from tombstone.mixins.json into net.minecraft.server.level.ServerPlayer
[20Aug2025 21:19:31.305] [main/DEBUG] [net.minecraftforge.coremod.transformer.CoreModBaseTransformer/COREMOD]: Transforming net/minecraft/world/entity/npc/Villager
[20Aug2025 21:19:31.429] [main/DEBUG] [mixin/]: Mixing accessor.VillagerAccessor from tombstone.mixins.json into net.minecraft.world.entity.npc.Villager
[20Aug2025 21:19:31.492] [main/DEBUG] [net.minecraftforge.coremod.transformer.CoreModBaseTransformer/COREMOD]: Transforming net/minecraft/world/effect/MobEffectInstance
[20Aug2025 21:19:31.686] [main/DEBUG] [mixin/]: Mixing SlotAccessor from balm.mixins.json into net.minecraft.world.inventory.Slot
[20Aug2025 21:19:31.708] [main/DEBUG] [mixin/]: Mixing accessor.ShapedRecipeAccessor from tombstone.mixins.json into net.minecraft.world.item.crafting.ShapedRecipe
[20Aug2025 21:19:32.085] [main/DEBUG] [net.minecraftforge.coremod.transformer.CoreModBaseTransformer/COREMOD]: Transforming net/minecraft/world/level/levelgen/structure/Structure
[20Aug2025 21:19:32.132] [main/DEBUG] [net.minecraftforge.coremod.transformer.CoreModBaseTransformer/COREMOD]: Transforming net/minecraft/world/level/levelgen/structure/structures/OceanRuinPieces$OceanRuinPiece
[20Aug2025 21:19:32.168] [main/DEBUG] [net.minecraftforge.coremod.transformer.CoreModBaseTransformer/COREMOD]: Transforming net/minecraft/world/level/levelgen/structure/structures/SwampHutPiece
[20Aug2025 21:19:32.203] [main/DEBUG] [net.minecraftforge.coremod.transformer.CoreModBaseTransformer/COREMOD]: Transforming net/minecraft/world/level/levelgen/structure/structures/OceanMonumentPieces$OceanMonumentPiece
[20Aug2025 21:19:32.244] [main/DEBUG] [net.minecraftforge.coremod.transformer.CoreModBaseTransformer/COREMOD]: Transforming net/minecraft/world/level/levelgen/structure/structures/WoodlandMansionPieces$WoodlandMansionPiece
[20Aug2025 21:19:32.296] [main/DEBUG] [mixin/]: Mixing StructureTemplatePoolAccessor from waystones.mixins.json into net.minecraft.world.level.levelgen.structure.pools.StructureTemplatePool
[20Aug2025 21:19:32.393] [main/DEBUG] [net.minecraftforge.coremod.transformer.CoreModBaseTransformer/COREMOD]: Transforming net/minecraft/world/level/biome/Biome
[20Aug2025 21:19:32.537] [main/DEBUG] [mixin/]: Mixing SinglePoolElementMixin from waystones.mixins.json into net.minecraft.world.level.levelgen.structure.pools.SinglePoolElement
[20Aug2025 21:19:32.539] [main/DEBUG] [mixin/]: Renaming synthetic method lambda$waystones$isWaystone$1(Lnet/minecraft/world/level/levelgen/structure/templatesystem/StructureTemplate;)V to md4e3fab$lambda$waystones$isWaystone$1$0 in waystones.mixins.json:SinglePoolElementMixin
[20Aug2025 21:19:32.540] [main/DEBUG] [mixin/]: Renaming synthetic method lambda$waystones$isWaystone$0(Lnet/minecraft/resources/ResourceLocation;)V to md4e3fab$lambda$waystones$isWaystone$0$1 in waystones.mixins.json:SinglePoolElementMixin
[20Aug2025 21:19:32.553] [main/DEBUG] [net.minecraftforge.coremod.transformer.CoreModBaseTransformer/COREMOD]: Transforming net/minecraft/world/level/levelgen/structure/templatesystem/StructureTemplate
[20Aug2025 21:19:32.801] [main/DEBUG] [net.minecraftforge.common.ForgeI18n/CORE]: Loading I18N data entries: 6430
[20Aug2025 21:19:32.827] [main/DEBUG] [net.minecraftforge.fml.ModWorkManager/LOADING]: Using 2 threads for parallel mod-loading
[20Aug2025 21:19:32.835] [main/DEBUG] [net.minecraftforge.fml.javafmlmod.FMLJavaModLanguageProvider/LOADING]: Loading FMLModContainer from classloader cpw.mods.modlauncher.TransformingClassLoader@77ab22be - got cpw.mods.cl.ModuleClassLoader@54acff7d
[20Aug2025 21:19:32.835] [main/DEBUG] [net.minecraftforge.fml.javafmlmod.FMLModContainer/LOADING]: Creating FMLModContainer instance for net.mcreator.doppelgangermod.DoppelgangermodMod
[20Aug2025 21:19:32.842] [main/DEBUG] [net.minecraftforge.fml.javafmlmod.FMLJavaModLanguageProvider/LOADING]: Loading FMLModContainer from classloader cpw.mods.modlauncher.TransformingClassLoader@77ab22be - got cpw.mods.cl.ModuleClassLoader@54acff7d
[20Aug2025 21:19:32.843] [main/DEBUG] [net.minecraftforge.fml.javafmlmod.FMLModContainer/LOADING]: Creating FMLModContainer instance for net.blay09.mods.kuma.forge.ForgeKumaAPI
[20Aug2025 21:19:32.844] [main/DEBUG] [net.minecraftforge.fml.javafmlmod.FMLJavaModLanguageProvider/LOADING]: Loading FMLModContainer from classloader cpw.mods.modlauncher.TransformingClassLoader@77ab22be - got cpw.mods.cl.ModuleClassLoader@54acff7d
[20Aug2025 21:19:32.844] [main/DEBUG] [net.minecraftforge.fml.javafmlmod.FMLModContainer/LOADING]: Creating FMLModContainer instance for ovh.corail.tombstone.ModTombstone
[20Aug2025 21:19:32.845] [main/DEBUG] [net.minecraftforge.fml.javafmlmod.FMLJavaModLanguageProvider/LOADING]: Loading FMLModContainer from classloader cpw.mods.modlauncher.TransformingClassLoader@77ab22be - got cpw.mods.cl.ModuleClassLoader@54acff7d
[20Aug2025 21:19:32.845] [main/DEBUG] [net.minecraftforge.fml.javafmlmod.FMLModContainer/LOADING]: Creating FMLModContainer instance for unknownmod.killers.KillersMod
[20Aug2025 21:19:32.846] [main/DEBUG] [net.minecraftforge.fml.javafmlmod.FMLJavaModLanguageProvider/LOADING]: Loading FMLModContainer from classloader cpw.mods.modlauncher.TransformingClassLoader@77ab22be - got cpw.mods.cl.ModuleClassLoader@54acff7d
[20Aug2025 21:19:32.846] [main/DEBUG] [net.minecraftforge.fml.javafmlmod.FMLModContainer/LOADING]: Creating FMLModContainer instance for software.bernie.example.GeckoLibMod
[20Aug2025 21:19:32.847] [main/DEBUG] [net.minecraftforge.fml.javafmlmod.FMLJavaModLanguageProvider/LOADING]: Loading FMLModContainer from classloader cpw.mods.modlauncher.TransformingClassLoader@77ab22be - got cpw.mods.cl.ModuleClassLoader@54acff7d
[20Aug2025 21:19:32.847] [main/DEBUG] [net.minecraftforge.fml.javafmlmod.FMLModContainer/LOADING]: Creating FMLModContainer instance for de.cadentem.cave_dweller.CaveDweller
[20Aug2025 21:19:32.849] [main/DEBUG] [net.minecraftforge.fml.javafmlmod.FMLJavaModLanguageProvider/LOADING]: Loading FMLModContainer from classloader cpw.mods.modlauncher.TransformingClassLoader@77ab22be - got cpw.mods.cl.ModuleClassLoader@54acff7d
[20Aug2025 21:19:32.849] [main/DEBUG] [net.minecraftforge.fml.javafmlmod.FMLModContainer/LOADING]: Creating FMLModContainer instance for studio.lunareclipse.watching.Init
[20Aug2025 21:19:32.850] [main/DEBUG] [net.minecraftforge.fml.javafmlmod.FMLJavaModLanguageProvider/LOADING]: Loading FMLModContainer from classloader cpw.mods.modlauncher.TransformingClassLoader@77ab22be - got cpw.mods.cl.ModuleClassLoader@54acff7d
[20Aug2025 21:19:32.850] [main/DEBUG] [net.minecraftforge.fml.javafmlmod.FMLModContainer/LOADING]: Creating FMLModContainer instance for net.blay09.mods.balm.forge.ForgeBalm
[20Aug2025 21:19:32.851] [main/DEBUG] [net.minecraftforge.fml.javafmlmod.FMLJavaModLanguageProvider/LOADING]: Loading FMLModContainer from classloader cpw.mods.modlauncher.TransformingClassLoader@77ab22be - got cpw.mods.cl.ModuleClassLoader@54acff7d
[20Aug2025 21:19:32.851] [main/DEBUG] [net.minecraftforge.fml.javafmlmod.FMLModContainer/LOADING]: Creating FMLModContainer instance for mezz.jei.forge.JustEnoughItems
[20Aug2025 21:19:32.852] [main/DEBUG] [net.minecraftforge.fml.javafmlmod.FMLJavaModLanguageProvider/LOADING]: Loading FMLModContainer from classloader cpw.mods.modlauncher.TransformingClassLoader@77ab22be - got cpw.mods.cl.ModuleClassLoader@54acff7d
[20Aug2025 21:19:32.852] [main/DEBUG] [net.minecraftforge.fml.javafmlmod.FMLModContainer/LOADING]: Creating FMLModContainer instance for net.mcreator.sasquatch.SasquatchMod
[20Aug2025 21:19:32.854] [main/DEBUG] [net.minecraftforge.fml.javafmlmod.FMLJavaModLanguageProvider/LOADING]: Loading FMLModContainer from classloader cpw.mods.modlauncher.TransformingClassLoader@77ab22be - got cpw.mods.cl.ModuleClassLoader@54acff7d
[20Aug2025 21:19:32.855] [main/DEBUG] [net.minecraftforge.fml.javafmlmod.FMLModContainer/LOADING]: Creating FMLModContainer instance for de.cadentem.goat_man.GoatMan
[20Aug2025 21:19:32.856] [main/DEBUG] [net.minecraftforge.fml.javafmlmod.FMLJavaModLanguageProvider/LOADING]: Loading FMLModContainer from classloader cpw.mods.modlauncher.TransformingClassLoader@77ab22be - got cpw.mods.cl.ModuleClassLoader@54acff7d
[20Aug2025 21:19:32.856] [main/DEBUG] [net.minecraftforge.fml.javafmlmod.FMLModContainer/LOADING]: Creating FMLModContainer instance for net.minecraftforge.common.ForgeMod
[20Aug2025 21:19:32.859] [main/DEBUG] [net.minecraftforge.fml.javafmlmod.FMLJavaModLanguageProvider/LOADING]: Loading FMLModContainer from classloader cpw.mods.modlauncher.TransformingClassLoader@77ab22be - got cpw.mods.cl.ModuleClassLoader@54acff7d
[20Aug2025 21:19:32.859] [main/DEBUG] [net.minecraftforge.fml.javafmlmod.FMLModContainer/LOADING]: Creating FMLModContainer instance for net.blay09.mods.waystones.ForgeWaystones
[20Aug2025 21:19:32.860] [main/DEBUG] [net.minecraftforge.fml.javafmlmod.FMLJavaModLanguageProvider/LOADING]: Loading FMLModContainer from classloader cpw.mods.modlauncher.TransformingClassLoader@77ab22be - got cpw.mods.cl.ModuleClassLoader@54acff7d
[20Aug2025 21:19:32.860] [main/DEBUG] [net.minecraftforge.fml.javafmlmod.FMLModContainer/LOADING]: Creating FMLModContainer instance for journeymap.common.Journeymap
[20Aug2025 21:19:32.885] [modloading-worker-0/DEBUG] [net.minecraftforge.fml.javafmlmod.AutomaticEventSubscriber/LOADING]: Attempting to inject @EventBusSubscriber classes into the eventbus for kuma_api
[20Aug2025 21:19:32.993] [modloading-worker-0/DEBUG] [net.minecraftforge.fml.config.ConfigTracker/CONFIG]: Config file tombstone-client.toml for tombstone tracking
[20Aug2025 21:19:32.997] [modloading-worker-0/DEBUG] [net.minecraftforge.fml.config.ConfigTracker/CONFIG]: Config file tombstone-common.toml for tombstone tracking
[20Aug2025 21:19:33.033] [modloading-worker-0/DEBUG] [net.minecraftforge.fml.config.ConfigTracker/CONFIG]: Config file tombstone-server.toml for tombstone tracking
[20Aug2025 21:19:33.040] [modloading-worker-0/DEBUG] [net.minecraftforge.fml.javafmlmod.AutomaticEventSubscriber/LOADING]: Attempting to inject @EventBusSubscriber classes into the eventbus for tombstone
[20Aug2025 21:19:33.047] [modloading-worker-0/DEBUG] [net.minecraftforge.fml.javafmlmod.AutomaticEventSubscriber/LOADING]: Auto-subscribing ovh.corail.tombstone.registry.Registration to MOD
[20Aug2025 21:19:33.059] [modloading-worker-0/DEBUG] [net.minecraftforge.fml.javafmlmod.AutomaticEventSubscriber/LOADING]: Auto-subscribing ovh.corail.tombstone.perk.PerkRegistry to MOD
[20Aug2025 21:19:33.065] [modloading-worker-0/DEBUG] [net.minecraftforge.fml.javafmlmod.AutomaticEventSubscriber/LOADING]: Auto-subscribing ovh.corail.tombstone.helper.LootHelper to FORGE
[20Aug2025 21:19:33.138] [modloading-worker-0/DEBUG] [mixin/]: Mixing LootTableMixin from balm.mixins.json into net.minecraft.world.level.storage.loot.LootTable
[20Aug2025 21:19:33.163] [modloading-worker-0/DEBUG] [mixin/]: Mixing ReloadableServerResourcesMixin from balm.mixins.json into net.minecraft.server.ReloadableServerResources
[20Aug2025 21:19:33.164] [modloading-worker-0/DEBUG] [mixin/]: Renaming synthetic method lambda$loadResources$0(Lnet/minecraft/server/ReloadableServerResources;)V to md4e3fab$lambda$loadResources$0$0 in balm.mixins.json:ReloadableServerResourcesMixin
[20Aug2025 21:19:33.175] [modloading-worker-0/DEBUG] [net.minecraftforge.fml.javafmlmod.AutomaticEventSubscriber/LOADING]: Auto-subscribing ovh.corail.tombstone.event.EventHandler to FORGE
[20Aug2025 21:19:33.254] [modloading-worker-0/DEBUG] [net.minecraftforge.fml.javafmlmod.AutomaticEventSubscriber/LOADING]: Attempting to inject @EventBusSubscriber classes into the eventbus for doppelgangermod
[20Aug2025 21:19:33.255] [modloading-worker-0/DEBUG] [net.minecraftforge.fml.javafmlmod.AutomaticEventSubscriber/LOADING]: Auto-subscribing net.mcreator.doppelgangermod.world.dimension.SubworldDimension to FORGE
[20Aug2025 21:19:33.256] [modloading-worker-0/DEBUG] [net.minecraftforge.fml.javafmlmod.AutomaticEventSubscriber/LOADING]: Auto-subscribing net.mcreator.doppelgangermod.world.dimension.SubworldDimension$DimensionSpecialEffectsHandler to MOD
[20Aug2025 21:19:33.258] [modloading-worker-0/DEBUG] [net.minecraftforge.fml.javafmlmod.AutomaticEventSubscriber/LOADING]: Auto-subscribing net.mcreator.doppelgangermod.procedures.TmoobloomProcedure to FORGE
[20Aug2025 21:19:33.261] [modloading-worker-0/DEBUG] [net.minecraftforge.fml.javafmlmod.AutomaticEventSubscriber/LOADING]: Auto-subscribing net.mcreator.doppelgangermod.procedures.TcreeperProcedure to FORGE
[20Aug2025 21:19:33.264] [modloading-worker-0/DEBUG] [net.minecraftforge.fml.javafmlmod.AutomaticEventSubscriber/LOADING]: Auto-subscribing net.mcreator.doppelgangermod.procedures.TcowProcedure to FORGE
[20Aug2025 21:19:33.265] [modloading-worker-0/DEBUG] [net.minecraftforge.fml.javafmlmod.AutomaticEventSubscriber/LOADING]: Auto-subscribing net.mcreator.doppelgangermod.procedures.TchickenProcedure to FORGE
[20Aug2025 21:19:33.270] [modloading-worker-0/DEBUG] [net.minecraftforge.fml.javafmlmod.AutomaticEventSubscriber/LOADING]: Auto-subscribing net.mcreator.doppelgangermod.procedures.SubworldeyesProcedure to FORGE
[20Aug2025 21:19:33.271] [modloading-worker-0/DEBUG] [net.minecraftforge.fml.javafmlmod.AutomaticEventSubscriber/LOADING]: Auto-subscribing net.mcreator.doppelgangermod.procedures.SpawnwanderingProcedure to FORGE
[20Aug2025 21:19:33.274] [modloading-worker-0/DEBUG] [net.minecraftforge.fml.javafmlmod.AutomaticEventSubscriber/LOADING]: Auto-subscribing net.mcreator.doppelgangermod.procedures.SpawnstrawmanProcedure to FORGE
[20Aug2025 21:19:33.278] [modloading-worker-0/DEBUG] [net.minecraftforge.fml.javafmlmod.AutomaticEventSubscriber/LOADING]: Auto-subscribing net.mcreator.doppelgangermod.procedures.SpawngoleminsidevillageProcedure to FORGE
[20Aug2025 21:19:33.280] [modloading-worker-0/DEBUG] [net.minecraftforge.fml.javafmlmod.AutomaticEventSubscriber/LOADING]: Auto-subscribing net.mcreator.doppelgangermod.procedures.SheeptransformProcedure to FORGE
[20Aug2025 21:19:33.287] [modloading-worker-0/DEBUG] [net.minecraftforge.fml.javafmlmod.AutomaticEventSubscriber/LOADING]: Auto-subscribing net.mcreator.doppelgangermod.procedures.Quest2Procedure to FORGE
[20Aug2025 21:19:33.288] [modloading-worker-0/DEBUG] [net.minecraftforge.fml.javafmlmod.AutomaticEventSubscriber/LOADING]: Auto-subscribing net.mcreator.doppelgangermod.procedures.PurespawnchanceProcedure to FORGE
[20Aug2025 21:19:33.292] [modloading-worker-0/DEBUG] [net.minecraftforge.fml.javafmlmod.AutomaticEventSubscriber/LOADING]: Auto-subscribing ovh.corail.tombstone.config.ConfigTombstone$ConfigEvent to MOD
[20Aug2025 21:19:33.289] [modloading-worker-0/DEBUG] [net.minecraftforge.fml.javafmlmod.AutomaticEventSubscriber/LOADING]: Auto-subscribing net.mcreator.doppelgangermod.procedures.ObesepigfarmProcedure to FORGE
[20Aug2025 21:19:33.293] [modloading-worker-0/DEBUG] [net.minecraftforge.fml.javafmlmod.AutomaticEventSubscriber/LOADING]: Auto-subscribing net.mcreator.doppelgangermod.procedures.MutationCreeperProcedure to FORGE
[20Aug2025 21:19:33.294] [modloading-worker-0/DEBUG] [net.minecraftforge.fml.javafmlmod.AutomaticEventSubscriber/LOADING]: Auto-subscribing net.mcreator.doppelgangermod.procedures.JoinSubworldProcedure to FORGE
[20Aug2025 21:19:33.301] [modloading-worker-0/DEBUG] [net.minecraftforge.fml.javafmlmod.AutomaticEventSubscriber/LOADING]: Auto-subscribing net.mcreator.doppelgangermod.procedures.DrodoppelgangerheadProcedure to FORGE
[20Aug2025 21:19:33.306] [modloading-worker-0/DEBUG] [net.minecraftforge.fml.javafmlmod.AutomaticEventSubscriber/LOADING]: Auto-subscribing net.mcreator.doppelgangermod.procedures.Doppelvisit2Procedure to FORGE
[20Aug2025 21:19:33.309] [modloading-worker-0/DEBUG] [net.minecraftforge.fml.javafmlmod.AutomaticEventSubscriber/LOADING]: Auto-subscribing net.mcreator.doppelgangermod.procedures.CookbookdropProcedure to FORGE
[20Aug2025 21:19:33.310] [modloading-worker-0/DEBUG] [net.minecraftforge.fml.javafmlmod.AutomaticEventSubscriber/LOADING]: Auto-subscribing net.mcreator.doppelgangermod.procedures.ConfigProcedure to MOD
[20Aug2025 21:19:33.314] [modloading-worker-0/DEBUG] [net.minecraftforge.fml.javafmlmod.AutomaticEventSubscriber/LOADING]: Auto-subscribing net.mcreator.doppelgangermod.procedures.Config3Procedure to FORGE
[20Aug2025 21:19:33.317] [modloading-worker-0/DEBUG] [net.minecraftforge.fml.javafmlmod.AutomaticEventSubscriber/LOADING]: Auto-subscribing net.mcreator.doppelgangermod.procedures.Config2Procedure to FORGE
[20Aug2025 21:19:33.319] [modloading-worker-0/DEBUG] [net.minecraftforge.fml.javafmlmod.AutomaticEventSubscriber/LOADING]: Auto-subscribing net.mcreator.doppelgangermod.network.Cookbook2guiButtonMessage to MOD
[20Aug2025 21:19:33.320] [modloading-worker-0/DEBUG] [net.minecraftforge.fml.javafmlmod.AutomaticEventSubscriber/LOADING]: Auto-subscribing net.mcreator.doppelgangermod.network.Cookbook1guiButtonMessage to MOD
[20Aug2025 21:19:33.324] [modloading-worker-0/DEBUG] [net.minecraftforge.fml.javafmlmod.AutomaticEventSubscriber/LOADING]: Auto-subscribing net.mcreator.doppelgangermod.init.EntityAnimationFactory to FORGE
[20Aug2025 21:19:33.327] [modloading-worker-0/DEBUG] [net.minecraftforge.fml.javafmlmod.AutomaticEventSubscriber/LOADING]: Auto-subscribing net.mcreator.doppelgangermod.init.DoppelgangermodModEntities to MOD
[20Aug2025 21:19:33.328] [modloading-worker-0/DEBUG] [net.minecraftforge.fml.javafmlmod.AutomaticEventSubscriber/LOADING]: Auto-subscribing net.mcreator.doppelgangermod.command.DoppelraidCommand to FORGE
[20Aug2025 21:19:33.358] [modloading-worker-0/DEBUG] [net.minecraftforge.fml.javafmlmod.AutomaticEventSubscriber/LOADING]: Attempting to inject @EventBusSubscriber classes into the eventbus for geckolib
[20Aug2025 21:19:33.360] [modloading-worker-0/DEBUG] [net.minecraftforge.fml.javafmlmod.AutomaticEventSubscriber/LOADING]: Auto-subscribing software.bernie.example.GeckoLibMod to FORGE
[20Aug2025 21:19:33.360] [modloading-worker-0/DEBUG] [net.minecraftforge.fml.javafmlmod.AutomaticEventSubscriber/LOADING]: Auto-subscribing software.bernie.example.CommonListener to MOD
[20Aug2025 21:19:33.389] [modloading-worker-0/DEBUG] [net.minecraftforge.fml.config.ConfigTracker/CONFIG]: Config file cave_dweller-server.toml for cave_dweller tracking
[20Aug2025 21:19:33.390] [modloading-worker-0/DEBUG] [net.minecraftforge.fml.javafmlmod.AutomaticEventSubscriber/LOADING]: Attempting to inject @EventBusSubscriber classes into the eventbus for cave_dweller
[20Aug2025 21:19:33.392] [modloading-worker-0/DEBUG] [net.minecraftforge.fml.javafmlmod.AutomaticEventSubscriber/LOADING]: Auto-subscribing de.cadentem.cave_dweller.events.ModEvents to MOD
[20Aug2025 21:19:33.394] [modloading-worker-0/DEBUG] [net.minecraftforge.fml.javafmlmod.AutomaticEventSubscriber/LOADING]: Auto-subscribing de.cadentem.cave_dweller.events.ForgeEvents to FORGE
[20Aug2025 21:19:33.395] [modloading-worker-0/DEBUG] [net.minecraftforge.fml.javafmlmod.AutomaticEventSubscriber/LOADING]: Attempting to inject @EventBusSubscriber classes into the eventbus for killers
[20Aug2025 21:19:33.396] [modloading-worker-0/DEBUG] [net.minecraftforge.fml.javafmlmod.AutomaticEventSubscriber/LOADING]: Auto-subscribing unknownmod.killers.recipes.brewing.BrewEnderSicknessPotionBrewingRecipe to MOD
[20Aug2025 21:19:33.398] [modloading-worker-0/DEBUG] [net.minecraftforge.fml.javafmlmod.AutomaticEventSubscriber/LOADING]: Auto-subscribing unknownmod.killers.procedures.WitheredKillerThemeProcedure to FORGE
[20Aug2025 21:19:33.402] [modloading-worker-0/DEBUG] [net.minecraftforge.fml.javafmlmod.AutomaticEventSubscriber/LOADING]: Auto-subscribing unknownmod.killers.procedures.WitheredKillerAttackProcedure to FORGE
[20Aug2025 21:19:33.404] [modloading-worker-0/DEBUG] [net.minecraftforge.fml.javafmlmod.AutomaticEventSubscriber/LOADING]: Auto-subscribing de.cadentem.cave_dweller.datagen.DataGen to MOD
[20Aug2025 21:19:33.406] [modloading-worker-0/DEBUG] [net.minecraftforge.fml.javafmlmod.AutomaticEventSubscriber/LOADING]: Auto-subscribing unknownmod.killers.procedures.SwarmKillerThemeProcedure to FORGE
[20Aug2025 21:19:33.408] [modloading-worker-0/DEBUG] [net.minecraftforge.fml.javafmlmod.AutomaticEventSubscriber/LOADING]: Auto-subscribing unknownmod.killers.procedures.RaincoatKillerThemeProcedure to FORGE
[20Aug2025 21:19:33.410] [modloading-worker-0/DEBUG] [net.minecraftforge.fml.javafmlmod.AutomaticEventSubscriber/LOADING]: Auto-subscribing unknownmod.killers.procedures.RaincoatKillerEffectProcedure to FORGE
[20Aug2025 21:19:33.415] [modloading-worker-0/DEBUG] [net.minecraftforge.fml.javafmlmod.AutomaticEventSubscriber/LOADING]: Attempting to inject @EventBusSubscriber classes into the eventbus for watching
[20Aug2025 21:19:33.415] [modloading-worker-0/DEBUG] [net.minecraftforge.fml.javafmlmod.AutomaticEventSubscriber/LOADING]: Auto-subscribing studio.lunareclipse.watching.Init to MOD
[20Aug2025 21:19:33.416] [modloading-worker-0/DEBUG] [net.minecraftforge.fml.javafmlmod.AutomaticEventSubscriber/LOADING]: Auto-subscribing unknownmod.killers.procedures.EnderTeleportAttackProcedure to FORGE
[20Aug2025 21:19:33.417] [modloading-worker-0/DEBUG] [net.minecraftforge.fml.javafmlmod.AutomaticEventSubscriber/LOADING]: Auto-subscribing unknownmod.killers.procedures.EnderKillerThemeProcedure to FORGE
[20Aug2025 21:19:33.423] [modloading-worker-0/DEBUG] [net.minecraftforge.fml.javafmlmod.AutomaticEventSubscriber/LOADING]: Auto-subscribing unknownmod.killers.procedures.DreamKillerSpawnProcedure to FORGE
[20Aug2025 21:19:33.427] [modloading-worker-0/DEBUG] [net.minecraftforge.fml.javafmlmod.AutomaticEventSubscriber/LOADING]: Auto-subscribing unknownmod.killers.procedures.DreamDemonStopSleepProcedure to FORGE
[20Aug2025 21:19:33.430] [modloading-worker-0/DEBUG] [net.minecraftforge.fml.javafmlmod.AutomaticEventSubscriber/LOADING]: Auto-subscribing unknownmod.killers.procedures.DreamDemonControlProcedure to FORGE
[20Aug2025 21:19:33.431] [modloading-worker-0/DEBUG] [net.minecraftforge.fml.javafmlmod.AutomaticEventSubscriber/LOADING]: Auto-subscribing unknownmod.killers.procedures.CrawlingKillerThemeProcedure to FORGE
[20Aug2025 21:19:33.434] [modloading-worker-0/DEBUG] [net.minecraftforge.fml.javafmlmod.AutomaticEventSubscriber/LOADING]: Auto-subscribing unknownmod.killers.procedures.ClownKillerThemeProcedure to FORGE
[20Aug2025 21:19:33.442] [modloading-worker-0/DEBUG] [net.minecraftforge.fml.javafmlmod.AutomaticEventSubscriber/LOADING]: Auto-subscribing unknownmod.killers.procedures.ClownKillerAttackProcedure to FORGE
[20Aug2025 21:19:33.443] [modloading-worker-0/DEBUG] [net.minecraftforge.fml.javafmlmod.AutomaticEventSubscriber/LOADING]: Auto-subscribing unknownmod.killers.procedures.AbstractKillerThemeProcedure to FORGE
[20Aug2025 21:19:33.448] [modloading-worker-0/DEBUG] [net.minecraftforge.fml.javafmlmod.AutomaticEventSubscriber/LOADING]: Auto-subscribing unknownmod.killers.procedures.AbstractKillerAttackSFXProcedure to FORGE
[20Aug2025 21:19:33.449] [modloading-worker-0/DEBUG] [net.minecraftforge.fml.javafmlmod.AutomaticEventSubscriber/LOADING]: Auto-subscribing unknownmod.killers.network.KillersModVariables to MOD
[20Aug2025 21:19:33.451] [modloading-worker-0/DEBUG] [net.minecraftforge.fml.javafmlmod.AutomaticEventSubscriber/LOADING]: Auto-subscribing unknownmod.killers.network.KillersModVariables$EventBusVariableHandlers to FORGE
[20Aug2025 21:19:33.457] [modloading-worker-0/DEBUG] [net.minecraftforge.fml.javafmlmod.AutomaticEventSubscriber/LOADING]: Auto-subscribing unknownmod.killers.init.KillersModTabs to MOD
[20Aug2025 21:19:33.458] [modloading-worker-0/DEBUG] [net.minecraftforge.fml.javafmlmod.AutomaticEventSubscriber/LOADING]: Auto-subscribing unknownmod.killers.init.KillersModEntities to MOD
[20Aug2025 21:19:33.460] [modloading-worker-0/DEBUG] [net.minecraftforge.fml.javafmlmod.AutomaticEventSubscriber/LOADING]: Auto-subscribing unknownmod.killers.init.ItemAnimationFactory to FORGE
[20Aug2025 21:19:33.462] [modloading-worker-0/DEBUG] [net.minecraftforge.fml.javafmlmod.AutomaticEventSubscriber/LOADING]: Auto-subscribing unknownmod.killers.init.EntityAnimationFactory to FORGE
[20Aug2025 21:19:33.471] [modloading-worker-0/DEBUG] [net.minecraftforge.fml.config.ConfigTracker/CONFIG]: Config file jei-server.toml for jei tracking
[20Aug2025 21:19:33.480] [modloading-worker-0/DEBUG] [net.minecraftforge.fml.javafmlmod.AutomaticEventSubscriber/LOADING]: Attempting to inject @EventBusSubscriber classes into the eventbus for jei
[20Aug2025 21:19:33.547] [modloading-worker-0/DEBUG] [net.minecraftforge.fml.javafmlmod.AutomaticEventSubscriber/LOADING]: Attempting to inject @EventBusSubscriber classes into the eventbus for sasquatch
[20Aug2025 21:19:33.547] [modloading-worker-0/DEBUG] [net.minecraftforge.fml.javafmlmod.AutomaticEventSubscriber/LOADING]: Auto-subscribing net.mcreator.sasquatch.procedures.StartCheckTaigaProcedure to FORGE
[20Aug2025 21:19:33.548] [modloading-worker-0/DEBUG] [net.minecraftforge.fml.javafmlmod.AutomaticEventSubscriber/LOADING]: Auto-subscribing net.mcreator.sasquatch.procedures.SasquatchSpawnCheckProcedure to FORGE
[20Aug2025 21:19:33.551] [modloading-worker-0/DEBUG] [net.minecraftforge.fml.javafmlmod.AutomaticEventSubscriber/LOADING]: Auto-subscribing net.mcreator.sasquatch.procedures.Sasquatch1FleeFromCrossbowProcedure to FORGE
[20Aug2025 21:19:33.552] [modloading-worker-0/DEBUG] [net.minecraftforge.fml.javafmlmod.AutomaticEventSubscriber/LOADING]: Auto-subscribing net.mcreator.sasquatch.procedures.PlayerDeathResetAngerProcedure to FORGE
[20Aug2025 21:19:33.554] [modloading-worker-0/DEBUG] [net.minecraftforge.fml.javafmlmod.AutomaticEventSubscriber/LOADING]: Auto-subscribing net.mcreator.sasquatch.procedures.CheckIsSasquatchSeenProcedure to FORGE
[20Aug2025 21:19:33.558] [modloading-worker-0/DEBUG] [net.minecraftforge.fml.javafmlmod.AutomaticEventSubscriber/LOADING]: Auto-subscribing net.mcreator.sasquatch.procedures.CheckIsSasquatch2SeenProcedure to FORGE
[20Aug2025 21:19:33.559] [modloading-worker-0/DEBUG] [net.minecraftforge.fml.javafmlmod.AutomaticEventSubscriber/LOADING]: Auto-subscribing net.mcreator.sasquatch.network.SasquatchModVariables to MOD
[20Aug2025 21:19:33.559] [modloading-worker-0/DEBUG] [net.minecraftforge.fml.config.ConfigTracker/CONFIG]: Config file balm-common.toml for balm tracking
[20Aug2025 21:19:33.561] [modloading-worker-0/DEBUG] [net.minecraftforge.fml.javafmlmod.AutomaticEventSubscriber/LOADING]: Auto-subscribing net.mcreator.sasquatch.network.SasquatchModVariables$EventBusVariableHandlers to FORGE
[20Aug2025 21:19:33.565] [modloading-worker-0/DEBUG] [net.minecraftforge.fml.javafmlmod.AutomaticEventSubscriber/LOADING]: Auto-subscribing net.mcreator.sasquatch.init.SasquatchModFeatures to FORGE
[20Aug2025 21:19:33.566] [modloading-worker-0/DEBUG] [net.minecraftforge.fml.javafmlmod.AutomaticEventSubscriber/LOADING]: Auto-subscribing net.mcreator.sasquatch.init.SasquatchModEntities to MOD
[20Aug2025 21:19:33.570] [modloading-worker-0/DEBUG] [net.minecraftforge.fml.javafmlmod.AutomaticEventSubscriber/LOADING]: Auto-subscribing net.mcreator.sasquatch.command.AngerLevel3CommandCommand to FORGE
[20Aug2025 21:19:33.571] [modloading-worker-0/DEBUG] [net.minecraftforge.fml.javafmlmod.AutomaticEventSubscriber/LOADING]: Auto-subscribing net.mcreator.sasquatch.command.AngerLevel2CommandCommand to FORGE
[20Aug2025 21:19:33.573] [modloading-worker-0/DEBUG] [net.minecraftforge.fml.javafmlmod.AutomaticEventSubscriber/LOADING]: Auto-subscribing net.mcreator.sasquatch.command.AngerLevel1CommandCommand to FORGE
[20Aug2025 21:19:33.574] [modloading-worker-0/DEBUG] [net.minecraftforge.fml.javafmlmod.AutomaticEventSubscriber/LOADING]: Attempting to inject @EventBusSubscriber classes into the eventbus for balm
[20Aug2025 21:19:33.590] [modloading-worker-0/DEBUG] [net.minecraftforge.fml.config.ConfigTracker/CONFIG]: Config file goat_man-server.toml for goat_man tracking
[20Aug2025 21:19:33.592] [modloading-worker-0/DEBUG] [net.minecraftforge.fml.javafmlmod.AutomaticEventSubscriber/LOADING]: Attempting to inject @EventBusSubscriber classes into the eventbus for goat_man
[20Aug2025 21:19:33.592] [modloading-worker-0/DEBUG] [net.minecraftforge.fml.javafmlmod.AutomaticEventSubscriber/LOADING]: Auto-subscribing de.cadentem.goat_man.events.ModEvents to MOD
[20Aug2025 21:19:33.594] [modloading-worker-0/DEBUG] [net.minecraftforge.fml.javafmlmod.AutomaticEventSubscriber/LOADING]: Auto-subscribing de.cadentem.goat_man.events.ForgeEvents to FORGE
[20Aug2025 21:19:33.592] [modloading-worker-0/DEBUG] [net.minecraftforge.versions.forge.ForgeVersion/CORE]: Forge Version package package net.minecraftforge.versions.forge, Forge, version 47.3 from cpw.mods.modlauncher.TransformingClassLoader@77ab22be
[20Aug2025 21:19:33.595] [modloading-worker-0/DEBUG] [net.minecraftforge.versions.forge.ForgeVersion/CORE]: Found Forge version 47.3.7
[20Aug2025 21:19:33.595] [modloading-worker-0/DEBUG] [net.minecraftforge.versions.forge.ForgeVersion/CORE]: Found Forge spec 47.3
[20Aug2025 21:19:33.596] [modloading-worker-0/DEBUG] [net.minecraftforge.versions.forge.ForgeVersion/CORE]: Found Forge group net.minecraftforge
[20Aug2025 21:19:33.596] [modloading-worker-0/DEBUG] [net.minecraftforge.versions.mcp.MCPVersion/CORE]: MCP Version package package net.minecraftforge.versions.mcp, Minecraft, version 1.20.1 from cpw.mods.modlauncher.TransformingClassLoader@77ab22be
[20Aug2025 21:19:33.596] [modloading-worker-0/DEBUG] [net.minecraftforge.versions.mcp.MCPVersion/CORE]: Found MC version information 1.20.1
[20Aug2025 21:19:33.596] [modloading-worker-0/DEBUG] [net.minecraftforge.versions.mcp.MCPVersion/CORE]: Found MCP version information 20230612.114412
[20Aug2025 21:19:33.598] [modloading-worker-0/DEBUG] [net.minecraftforge.fml.javafmlmod.AutomaticEventSubscriber/LOADING]: Auto-subscribing de.cadentem.goat_man.datagen.DataGen to MOD
[20Aug2025 21:19:33.596] [modloading-worker-0/INFO] [net.minecraftforge.common.ForgeMod/FORGEMOD]: Forge mod loading, version 47.3.7, for MC 1.20.1 with MCP 20230612.114412
[20Aug2025 21:19:33.601] [modloading-worker-0/INFO] [net.minecraftforge.common.MinecraftForge/FORGE]: MinecraftForge v47.3.7 Initialized
[20Aug2025 21:19:33.647] [modloading-worker-0/DEBUG] [net.minecraftforge.fml.config.ConfigTracker/CONFIG]: Config file waystones-common.toml for waystones tracking
[20Aug2025 21:19:33.721] [modloading-worker-0/DEBUG] [io.netty.util.internal.PlatformDependent0/]: -Dio.netty.noUnsafe: false
[20Aug2025 21:19:33.724] [modloading-worker-0/DEBUG] [io.netty.util.internal.PlatformDependent0/]: Java version: 17
[20Aug2025 21:19:33.729] [modloading-worker-0/DEBUG] [io.netty.util.internal.PlatformDependent0/]: sun.misc.Unsafe.theUnsafe: available
[20Aug2025 21:19:33.729] [modloading-worker-0/DEBUG] [io.netty.util.internal.PlatformDependent0/]: sun.misc.Unsafe.copyMemory: available
[20Aug2025 21:19:33.729] [modloading-worker-0/DEBUG] [io.netty.util.internal.PlatformDependent0/]: sun.misc.Unsafe.storeFence: available
[20Aug2025 21:19:33.730] [modloading-worker-0/DEBUG] [io.netty.util.internal.PlatformDependent0/]: java.nio.Buffer.address: available
[20Aug2025 21:19:33.730] [modloading-worker-0/DEBUG] [io.netty.util.internal.PlatformDependent0/]: direct buffer constructor: unavailable
java.lang.UnsupportedOperationException: Reflective setAccessible(true) disabled
	at io.netty.util.internal.ReflectionUtil.trySetAccessible(ReflectionUtil.java:31) ~[netty-common-4.1.82.Final.jar%2382!/:4.1.82.Final]
	at io.netty.util.internal.PlatformDependent0$5.run(PlatformDependent0.java:288) ~[netty-common-4.1.82.Final.jar%2382!/:4.1.82.Final]
	at java.security.AccessController.doPrivileged(AccessController.java:318) ~[?:?]
	at io.netty.util.internal.PlatformDependent0.<clinit>(PlatformDependent0.java:282) ~[netty-common-4.1.82.Final.jar%2382!/:4.1.82.Final]
	at io.netty.util.internal.PlatformDependent.isAndroid(PlatformDependent.java:333) ~[netty-common-4.1.82.Final.jar%2382!/:4.1.82.Final]
	at io.netty.util.internal.PlatformDependent.<clinit>(PlatformDependent.java:88) ~[netty-common-4.1.82.Final.jar%2382!/:4.1.82.Final]
	at io.netty.util.ConstantPool.<init>(ConstantPool.java:34) ~[netty-common-4.1.82.Final.jar%2382!/:4.1.82.Final]
	at io.netty.util.AttributeKey$1.<init>(AttributeKey.java:27) ~[netty-common-4.1.82.Final.jar%2382!/:4.1.82.Final]
	at io.netty.util.AttributeKey.<clinit>(AttributeKey.java:27) ~[netty-common-4.1.82.Final.jar%2382!/:4.1.82.Final]
	at net.minecraftforge.network.NetworkConstants.<clinit>(NetworkConstants.java:34) ~[forge-1.20.1-47.3.7-universal.jar%23130!/:?]
	at net.minecraftforge.common.ForgeMod.<init>(ForgeMod.java:429) ~[forge-1.20.1-47.3.7-universal.jar%23130!/:?]
	at jdk.internal.reflect.NativeConstructorAccessorImpl.newInstance0(Native Method) ~[?:?]
	at jdk.internal.reflect.NativeConstructorAccessorImpl.newInstance(NativeConstructorAccessorImpl.java:77) ~[?:?]
	at jdk.internal.reflect.DelegatingConstructorAccessorImpl.newInstance(DelegatingConstructorAccessorImpl.java:45) ~[?:?]
	at java.lang.reflect.Constructor.newInstanceWithCaller(Constructor.java:500) ~[?:?]
	at java.lang.reflect.Constructor.newInstance(Constructor.java:481) ~[?:?]
	at net.minecraftforge.fml.javafmlmod.FMLModContainer.constructMod(FMLModContainer.java:70) ~[javafmllanguage-1.20.1-47.3.7.jar%23127!/:?]
	at net.minecraftforge.fml.ModContainer.lambda$buildTransitionHandler$4(ModContainer.java:124) ~[fmlcore-1.20.1-47.3.7.jar%23126!/:?]
	at java.util.concurrent.CompletableFuture$AsyncRun.run(CompletableFuture.java:1804) ~[?:?]
	at java.util.concurrent.CompletableFuture$AsyncRun.exec(CompletableFuture.java:1796) ~[?:?]
	at java.util.concurrent.ForkJoinTask.doExec(ForkJoinTask.java:373) ~[?:?]
	at java.util.concurrent.ForkJoinPool$WorkQueue.topLevelExec(ForkJoinPool.java:1182) ~[?:?]
	at java.util.concurrent.ForkJoinPool.scan(ForkJoinPool.java:1655) ~[?:?]
	at java.util.concurrent.ForkJoinPool.runWorker(ForkJoinPool.java:1622) ~[?:?]
	at java.util.concurrent.ForkJoinWorkerThread.run(ForkJoinWorkerThread.java:165) ~[?:?]
[20Aug2025 21:19:33.736] [modloading-worker-0/DEBUG] [io.netty.util.internal.PlatformDependent0/]: java.nio.Bits.unaligned: available, true
[20Aug2025 21:19:33.737] [modloading-worker-0/DEBUG] [io.netty.util.internal.PlatformDependent0/]: jdk.internal.misc.Unsafe.allocateUninitializedArray(int): unavailable
java.lang.IllegalAccessException: class io.netty.util.internal.PlatformDependent0$7 (in module io.netty.common) cannot access class jdk.internal.misc.Unsafe (in module java.base) because module java.base does not export jdk.internal.misc to module io.netty.common
	at jdk.internal.reflect.Reflection.newIllegalAccessException(Reflection.java:392) ~[?:?]
	at java.lang.reflect.AccessibleObject.checkAccess(AccessibleObject.java:674) ~[?:?]
	at java.lang.reflect.Method.invoke(Method.java:561) ~[?:?]
	at io.netty.util.internal.PlatformDependent0$7.run(PlatformDependent0.java:410) ~[netty-common-4.1.82.Final.jar%2382!/:4.1.82.Final]
	at java.security.AccessController.doPrivileged(AccessController.java:318) ~[?:?]
	at io.netty.util.internal.PlatformDependent0.<clinit>(PlatformDependent0.java:401) ~[netty-common-4.1.82.Final.jar%2382!/:4.1.82.Final]
	at io.netty.util.internal.PlatformDependent.isAndroid(PlatformDependent.java:333) ~[netty-common-4.1.82.Final.jar%2382!/:4.1.82.Final]
	at io.netty.util.internal.PlatformDependent.<clinit>(PlatformDependent.java:88) ~[netty-common-4.1.82.Final.jar%2382!/:4.1.82.Final]
	at io.netty.util.ConstantPool.<init>(ConstantPool.java:34) ~[netty-common-4.1.82.Final.jar%2382!/:4.1.82.Final]
	at io.netty.util.AttributeKey$1.<init>(AttributeKey.java:27) ~[netty-common-4.1.82.Final.jar%2382!/:4.1.82.Final]
	at io.netty.util.AttributeKey.<clinit>(AttributeKey.java:27) ~[netty-common-4.1.82.Final.jar%2382!/:4.1.82.Final]
	at net.minecraftforge.network.NetworkConstants.<clinit>(NetworkConstants.java:34) ~[forge-1.20.1-47.3.7-universal.jar%23130!/:?]
	at net.minecraftforge.common.ForgeMod.<init>(ForgeMod.java:429) ~[forge-1.20.1-47.3.7-universal.jar%23130!/:?]
	at jdk.internal.reflect.NativeConstructorAccessorImpl.newInstance0(Native Method) ~[?:?]
	at jdk.internal.reflect.NativeConstructorAccessorImpl.newInstance(NativeConstructorAccessorImpl.java:77) ~[?:?]
	at jdk.internal.reflect.DelegatingConstructorAccessorImpl.newInstance(DelegatingConstructorAccessorImpl.java:45) ~[?:?]
	at java.lang.reflect.Constructor.newInstanceWithCaller(Constructor.java:500) ~[?:?]
	at java.lang.reflect.Constructor.newInstance(Constructor.java:481) ~[?:?]
	at net.minecraftforge.fml.javafmlmod.FMLModContainer.constructMod(FMLModContainer.java:70) ~[javafmllanguage-1.20.1-47.3.7.jar%23127!/:?]
	at net.minecraftforge.fml.ModContainer.lambda$buildTransitionHandler$4(ModContainer.java:124) ~[fmlcore-1.20.1-47.3.7.jar%23126!/:?]
	at java.util.concurrent.CompletableFuture$AsyncRun.run(CompletableFuture.java:1804) ~[?:?]
	at java.util.concurrent.CompletableFuture$AsyncRun.exec(CompletableFuture.java:1796) ~[?:?]
	at java.util.concurrent.ForkJoinTask.doExec(ForkJoinTask.java:373) ~[?:?]
	at java.util.concurrent.ForkJoinPool$WorkQueue.topLevelExec(ForkJoinPool.java:1182) ~[?:?]
	at java.util.concurrent.ForkJoinPool.scan(ForkJoinPool.java:1655) ~[?:?]
	at java.util.concurrent.ForkJoinPool.runWorker(ForkJoinPool.java:1622) ~[?:?]
	at java.util.concurrent.ForkJoinWorkerThread.run(ForkJoinWorkerThread.java:165) ~[?:?]
[20Aug2025 21:19:33.745] [modloading-worker-0/DEBUG] [io.netty.util.internal.PlatformDependent0/]: java.nio.DirectByteBuffer.<init>(long, int): unavailable
[20Aug2025 21:19:33.746] [modloading-worker-0/DEBUG] [io.netty.util.internal.PlatformDependent/]: sun.misc.Unsafe: available
[20Aug2025 21:19:33.746] [modloading-worker-0/DEBUG] [io.netty.util.internal.PlatformDependent/]: maxDirectMemory: 4294967296 bytes (maybe)
[20Aug2025 21:19:33.746] [modloading-worker-0/DEBUG] [io.netty.util.internal.PlatformDependent/]: -Dio.netty.tmpdir: /tmp (java.io.tmpdir)
[20Aug2025 21:19:33.750] [modloading-worker-0/DEBUG] [io.netty.util.internal.PlatformDependent/]: -Dio.netty.bitMode: 64 (sun.arch.data.model)
[20Aug2025 21:19:33.751] [modloading-worker-0/DEBUG] [io.netty.util.internal.PlatformDependent/]: -Dio.netty.maxDirectMemory: -1 bytes
[20Aug2025 21:19:33.751] [modloading-worker-0/DEBUG] [io.netty.util.internal.PlatformDependent/]: -Dio.netty.uninitializedArrayAllocationThreshold: -1
[20Aug2025 21:19:33.755] [modloading-worker-0/DEBUG] [io.netty.util.internal.CleanerJava9/]: java.nio.ByteBuffer.cleaner(): available
[20Aug2025 21:19:33.762] [modloading-worker-0/DEBUG] [io.netty.util.internal.PlatformDependent/]: -Dio.netty.noPreferDirect: false
[20Aug2025 21:19:33.833] [modloading-worker-0/DEBUG] [net.minecraftforge.common.ForgeMod/FORGEMOD]: Loading Network data for FML net version: FML3
[20Aug2025 21:19:33.854] [modloading-worker-0/DEBUG] [net.minecraftforge.fml.config.ConfigTracker/CONFIG]: Config file forge-client.toml for forge tracking
[20Aug2025 21:19:33.854] [modloading-worker-0/DEBUG] [net.minecraftforge.fml.config.ConfigTracker/CONFIG]: Config file forge-server.toml for forge tracking
[20Aug2025 21:19:33.854] [modloading-worker-0/DEBUG] [net.minecraftforge.fml.ModLoadingContext/]: Attempted to register an empty config for type COMMON on mod forge
[20Aug2025 21:19:33.865] [modloading-worker-0/DEBUG] [net.minecraftforge.fml.javafmlmod.AutomaticEventSubscriber/LOADING]: Attempting to inject @EventBusSubscriber classes into the eventbus for waystones
[20Aug2025 21:19:33.881] [modloading-worker-0/DEBUG] [net.minecraftforge.fml.config.ConfigTracker/CONFIG]: Config file journeymap-server.toml for journeymap tracking
[20Aug2025 21:19:33.882] [modloading-worker-0/DEBUG] [net.minecraftforge.fml.javafmlmod.AutomaticEventSubscriber/LOADING]: Attempting to inject @EventBusSubscriber classes into the eventbus for journeymap
[20Aug2025 21:19:33.886] [modloading-worker-0/DEBUG] [net.minecraftforge.fml.javafmlmod.AutomaticEventSubscriber/LOADING]: Auto-subscribing journeymap.common.config.forge.ForgeConfig to MOD
[20Aug2025 21:19:33.887] [modloading-worker-0/DEBUG] [net.minecraftforge.fml.javafmlmod.AutomaticEventSubscriber/LOADING]: Auto-subscribing journeymap.common.Journeymap to FORGE
[20Aug2025 21:19:33.890] [modloading-worker-0/DEBUG] [net.minecraftforge.fml.javafmlmod.AutomaticEventSubscriber/LOADING]: Attempting to inject @EventBusSubscriber classes into the eventbus for forge
[20Aug2025 21:19:33.891] [modloading-worker-0/DEBUG] [net.minecraftforge.fml.javafmlmod.AutomaticEventSubscriber/LOADING]: Auto-subscribing net.minecraftforge.common.ForgeSpawnEggItem$CommonHandler to MOD
[20Aug2025 21:19:34.053] [main/DEBUG] [net.minecraftforge.common.capabilities.CapabilityManager/CAPABILITIES]: Attempting to automatically register: Lnet/minecraftforge/energy/IEnergyStorage;
[20Aug2025 21:19:34.056] [main/DEBUG] [net.minecraftforge.common.capabilities.CapabilityManager/CAPABILITIES]: Attempting to automatically register: Lnet/minecraftforge/fluids/capability/IFluidHandler;
[20Aug2025 21:19:34.056] [main/DEBUG] [net.minecraftforge.common.capabilities.CapabilityManager/CAPABILITIES]: Attempting to automatically register: Lnet/minecraftforge/fluids/capability/IFluidHandlerItem;
[20Aug2025 21:19:34.056] [main/DEBUG] [net.minecraftforge.common.capabilities.CapabilityManager/CAPABILITIES]: Attempting to automatically register: Lnet/minecraftforge/items/IItemHandler;
[20Aug2025 21:19:34.694] [main/DEBUG] [mixin/]: Mixing accessor.ShapelessRecipeAccessor from tombstone.mixins.json into net.minecraft.world.item.crafting.ShapelessRecipe
[20Aug2025 21:19:34.814] [main/DEBUG] [mixin/]: Mixing ForgeHooksMixin from tombstone.mixins.json into net.minecraftforge.common.ForgeHooks
[20Aug2025 21:19:34.994] [main/DEBUG] [net.minecraftforge.fml.config.ConfigTracker/CONFIG]: Loading configs type COMMON
[20Aug2025 21:19:34.998] [main/DEBUG] [net.minecraftforge.fml.config.ConfigFileTypeHandler/CONFIG]: Built TOML config for /workspaces/FUNKAAAAAAA/servidor_minecraft/config/tombstone-common.toml
[20Aug2025 21:19:35.002] [main/DEBUG] [net.minecraftforge.fml.config.ConfigFileTypeHandler/CONFIG]: Loaded TOML config file /workspaces/FUNKAAAAAAA/servidor_minecraft/config/tombstone-common.toml
[20Aug2025 21:19:35.013] [main/DEBUG] [net.minecraftforge.fml.config.ConfigFileTypeHandler/CONFIG]: Watching TOML config file /workspaces/FUNKAAAAAAA/servidor_minecraft/config/tombstone-common.toml for changes
[20Aug2025 21:19:35.024] [Thread-1/DEBUG] [net.minecraftforge.fml.config.ConfigFileTypeHandler/CONFIG]: Config file tombstone-common.toml changed, sending notifies
[20Aug2025 21:19:35.026] [main/DEBUG] [net.minecraftforge.fml.config.ConfigFileTypeHandler/CONFIG]: Built TOML config for /workspaces/FUNKAAAAAAA/servidor_minecraft/config/balm-common.toml
[20Aug2025 21:19:35.027] [main/DEBUG] [net.minecraftforge.fml.config.ConfigFileTypeHandler/CONFIG]: Loaded TOML config file /workspaces/FUNKAAAAAAA/servidor_minecraft/config/balm-common.toml
[20Aug2025 21:19:35.027] [main/DEBUG] [net.minecraftforge.fml.config.ConfigFileTypeHandler/CONFIG]: Watching TOML config file /workspaces/FUNKAAAAAAA/servidor_minecraft/config/balm-common.toml for changes
[20Aug2025 21:19:35.028] [Thread-1/DEBUG] [net.minecraftforge.fml.config.ConfigFileTypeHandler/CONFIG]: Config file balm-common.toml changed, sending notifies
[20Aug2025 21:19:35.031] [main/DEBUG] [net.minecraftforge.fml.config.ConfigFileTypeHandler/CONFIG]: Built TOML config for /workspaces/FUNKAAAAAAA/servidor_minecraft/config/waystones-common.toml
[20Aug2025 21:19:35.032] [Thread-1/DEBUG] [net.minecraftforge.fml.config.ConfigFileTypeHandler/CONFIG]: Config file balm-common.toml changed, sending notifies
[20Aug2025 21:19:35.034] [main/DEBUG] [net.minecraftforge.fml.config.ConfigFileTypeHandler/CONFIG]: Loaded TOML config file /workspaces/FUNKAAAAAAA/servidor_minecraft/config/waystones-common.toml
[20Aug2025 21:19:35.035] [main/DEBUG] [net.minecraftforge.fml.config.ConfigFileTypeHandler/CONFIG]: Watching TOML config file /workspaces/FUNKAAAAAAA/servidor_minecraft/config/waystones-common.toml for changes
[20Aug2025 21:19:35.038] [Thread-1/DEBUG] [net.minecraftforge.fml.config.ConfigFileTypeHandler/CONFIG]: Config file waystones-common.toml changed, sending notifies
[20Aug2025 21:19:35.043] [Thread-1/DEBUG] [net.minecraftforge.fml.config.ConfigFileTypeHandler/CONFIG]: Config file waystones-common.toml changed, sending notifies
[20Aug2025 21:19:35.058] [modloading-worker-0/INFO] [studio.lunareclipse.watching.Init/]: From The Fog Loaded Successfully!
[20Aug2025 21:19:35.125] [main/DEBUG] [net.minecraftforge.fml.DeferredWorkQueue/LOADING]: Dispatching synchronous work for work queue COMMON_SETUP: 7 jobs
[20Aug2025 21:19:35.132] [main/INFO] [journeymap/]: Initializing Packet Registries
[20Aug2025 21:19:35.182] [main/DEBUG] [net.minecraftforge.fml.DeferredWorkQueue/LOADING]: Synchronous work queue completed in 55.16 ms
[20Aug2025 21:19:35.618] [Forge Version Check/INFO] [net.minecraftforge.fml.VersionChecker/]: [tombstone] Starting version check at https://raw.githubusercontent.com/Corail31/tombstone_lite/master/update.json
[20Aug2025 21:19:36.235] [Forge Version Check/DEBUG] [net.minecraftforge.fml.VersionChecker/]: [tombstone] Received version check data:
{
	"homepage": "https://www.curseforge.com/minecraft/mc-mods/corail-tombstone",
	"promos": {
		"1.21.8-latest": "9.5.8",
		"1.21.8-recommended": "9.5.8",
		"1.21.7-latest": "9.5.8",
		"1.21.7-recommended": "9.5.8",
		"1.21.6-latest": "9.5.1",
		"1.21.6-recommended": "9.5.1",
		"1.21.5-latest": "9.4.3",
		"1.21.5-recommended": "9.4.3",
		"1.21.4-latest": "9.3.9",
		"1.21.4-recommended": "9.3.9",
		"1.21.3-latest": "9.2.4",
		"1.21.3-recommended": "9.2.4",
		"1.21.1-latest": "9.1.10",
		"1.21.1-recommended": "9.1.10",
		"1.20.4-latest": "8.6.4",
		"1.20.4-recommended": "8.6.4",
		"1.20.2-latest": "8.6.3",
		"1.20.2-recommended": "8.6.3",
		"1.20.1-latest": "9.0.8",
		"1.20.1-recommended": "9.0.8",
		"1.19.4-latest": "8.4.2",
		"1.19.4-recommended": "8.4.2",
		"1.19.3-latest": "8.3.2",
		"1.19.3-recommended": "8.3.2",
		"1.19.2-latest": "8.3.9",
		"1.19.2-recommended": "8.3.9",
		"1.19.1-latest": "8.1.0",
		"1.19.1-recommended": "8.1.0",
		"1.18.2-latest": "7.7.7",
		"1.18.2-recommended": "7.7.7",
		"1.18.1-latest": "7.4.1",
		"1.18.1-recommended": "7.4.1",
		"1.17.1-latest": "7.3.0",
		"1.17.1-recommended": "7.3.0",
		"1.16.5-latest": "6.9.7",
		"1.16.5-recommended": "6.9.7",
		"1.15.2-latest": "4.6.0",
		"1.15.2-recommended": "4.6.0",
		"1.14.4-latest": "4.3.6",
		"1.14.4-recommended": "4.3.6",
		"1.13.2-latest": "3.5.2",
		"1.13.2-recommended": "3.5.2",
		"1.12.2-latest": "4.7.5",
		"1.12.2-recommended": "4.7.5",
		"1.11.2-latest": "2.9.0.1",
		"1.11.2-recommended": "2.9.0.1",
		"1.10.2-latest": "2.9.4",
		"1.10.2-recommended": "2.9.4",
		"1.9.4-latest": "1.4.1",
		"1.9.4-recommended": "1.4.1",
		"1.8.9-latest": "1.4.1",
		"1.8.9-recommended": "1.4.1"
	},
	"1.21.8": {
		"9.5.8": "reworks the perk system & improves all guiscreens",
		"9.5.7": "fourth forgotten knowledge",
		"9.5.6": "third forgotten knowledge & ritual flute"
	},
	"1.21.7": {
		"9.5.8": "final version"
	},
	"1.21.6": {
		"9.5.1": "final version"
	},
	"1.21.5": {
		"9.4.3": "final version"
	},
	"1.21.4": {
		"9.3.9": "final version"
	},
	"1.21.3": {
		"9.2.4": "final version"
	},
	"1.21.1": {
		"9.1.10": "final version"
	},
	"1.20.4": {
		"8.6.4": "final version"
	},
	"1.20.2": {
		"8.6.3": "final version"
	},
	"1.20.1": {
		"9.0.8": "improvements",
		"9.0.7": "reworks the perk system",
		"9.0.6": "improves all guiscreens",
		"9.0.5": "fourth forgotten knowledge",
		"9.0.4": "third forgotten knowledge & ritual flute",
		"9.0.3": "screaming graves",
		"9.0.2": "second forgotten knowledge & readable scrolls",
		"9.0.1": "new event Spring Bloom",
		"9.0.0": "first forgotten knowledge"
	},
	"1.19.4": {
		"8.4.2": "final version"
	},
	"1.19.2": {
		"8.3.9": "final version"
	},
	"1.18.2": {
		"7.7.7": "final version"
	},
	"1.16.5": {
		"6.9.7": "final version"
	},
	"1.12.2": {
		"4.7.5": "final version"
	}
}
[20Aug2025 21:19:36.245] [Forge Version Check/INFO] [net.minecraftforge.fml.VersionChecker/]: [tombstone] Found status: OUTDATED Current: 8.9.5 Target: 9.0.8
[20Aug2025 21:19:36.246] [Forge Version Check/INFO] [net.minecraftforge.fml.VersionChecker/]: [forge] Starting version check at https://files.minecraftforge.net/net/minecraftforge/forge/promotions_slim.json
[20Aug2025 21:19:36.642] [Forge Version Check/DEBUG] [net.minecraftforge.fml.VersionChecker/]: [forge] Received version check data:
{
  "homepage": "https://files.minecraftforge.net/net/minecraftforge/forge/",
  "promos": {
    "1.1-latest": "1.3.4.29",
    "1.2.3-latest": "1.4.1.64",
    "1.2.4-latest": "2.0.0.68",
    "1.2.5-latest": "3.4.9.171",
    "1.3.2-latest": "4.3.5.318",
    "1.4.0-latest": "5.0.0.326",
    "1.4.1-latest": "6.0.0.329",
    "1.4.2-latest": "6.0.1.355",
    "1.4.3-latest": "6.2.1.358",
    "1.4.4-latest": "6.3.0.378",
    "1.4.5-latest": "6.4.2.448",
    "1.4.6-latest": "6.5.0.489",
    "1.4.7-latest": "6.6.2.534",
    "1.5-latest": "7.7.0.598",
    "1.5.1-latest": "7.7.2.682",
    "1.5.2-latest": "7.8.1.738",
    "1.5.2-recommended": "7.8.1.738",
    "1.6.1-latest": "8.9.0.775",
    "1.6.2-latest": "9.10.1.871",
    "1.6.2-recommended": "9.10.1.871",
    "1.6.3-latest": "9.11.0.878",
    "1.6.4-latest": "9.11.1.1345",
    "1.6.4-recommended": "9.11.1.1345",
    "1.7.2-latest": "10.12.2.1161",
    "1.7.2-recommended": "10.12.2.1161",
    "1.7.10_pre4-latest": "10.12.2.1149",
    "1.7.10-latest": "10.13.4.1614",
    "1.7.10-recommended": "10.13.4.1614",
    "1.8-latest": "11.14.4.1577",
    "1.8-recommended": "11.14.4.1563",
    "1.8.8-latest": "11.15.0.1655",
    "1.8.9-latest": "11.15.1.2318",
    "1.8.9-recommended": "11.15.1.2318",
    "1.9-latest": "12.16.1.1938",
    "1.9-recommended": "12.16.1.1887",
    "1.9.4-latest": "12.17.0.2317",
    "1.9.4-recommended": "12.17.0.2317",
    "1.10-latest": "12.18.0.2000",
    "1.10.2-latest": "12.18.3.2511",
    "1.10.2-recommended": "12.18.3.2511",
    "1.11-latest": "13.19.1.2199",
    "1.11-recommended": "13.19.1.2189",
    "1.11.2-latest": "13.20.1.2588",
    "1.11.2-recommended": "13.20.1.2588",
    "1.12-latest": "14.21.1.2443",
    "1.12-recommended": "14.21.1.2387",
    "1.12.1-latest": "14.22.1.2485",
    "1.12.1-recommended": "14.22.1.2478",
    "1.12.2-latest": "14.23.5.2860",
    "1.12.2-recommended": "14.23.5.2859",
    "1.13.2-latest": "25.0.223",
    "1.14.2-latest": "26.0.63",
    "1.14.3-latest": "27.0.60",
    "1.14.4-latest": "28.2.26",
    "1.14.4-recommended": "28.2.26",
    "1.15-latest": "29.0.4",
    "1.15.1-latest": "30.0.51",
    "1.15.2-latest": "31.2.60",
    "1.15.2-recommended": "31.2.57",
    "1.16.1-latest": "32.0.108",
    "1.16.2-latest": "33.0.61",
    "1.16.3-latest": "34.1.42",
    "1.16.3-recommended": "34.1.0",
    "1.16.4-latest": "35.1.37",
    "1.16.4-recommended": "35.1.4",
    "1.16.5-latest": "36.2.42",
    "1.16.5-recommended": "36.2.34",
    "1.17.1-latest": "37.1.1",
    "1.17.1-recommended": "37.1.1",
    "1.18-latest": "38.0.17",
    "1.18.1-latest": "39.1.2",
    "1.18.1-recommended": "39.1.0",
    "1.18.2-recommended": "40.3.0",
    "1.18.2-latest": "40.3.11",
    "1.19-latest": "41.1.0",
    "1.19-recommended": "41.1.0",
    "1.19.1-latest": "42.0.9",
    "1.19.2-recommended": "43.5.0",
    "1.19.2-latest": "43.5.1",
    "1.19.3-latest": "44.1.23",
    "1.19.3-recommended": "44.1.0",
    "1.19.4-recommended": "45.4.0",
    "1.19.4-latest": "45.4.2",
    "1.20-latest": "46.0.14",
    "1.20.1-recommended": "47.4.0",
    "1.20.1-latest": "47.4.6",
    "1.20.2-latest": "48.1.0",
    "1.20.2-recommended": "48.1.0",
    "1.20.3-latest": "49.0.2",
    "1.20.4-latest": "49.2.0",
    "1.20.4-recommended": "49.2.0",
    "1.20.6-latest": "50.2.1",
    "1.20.6-recommended": "50.2.0",
    "1.21-latest": "51.0.33",
    "1.21.1-latest": "52.1.3",
    "1.21.1-recommended": "52.1.0",
    "1.21.3-latest": "53.1.2",
    "1.21.3-recommended": "53.1.0",
    "1.21.4-latest": "54.1.6",
    "1.21.4-recommended": "54.1.0",
    "1.21.5-latest": "55.0.24",
    "1.21.6-latest": "56.0.9",
    "1.21.7-latest": "57.0.3",
    "1.21.8-latest": "58.0.7"
  }
}
[20Aug2025 21:19:36.645] [Forge Version Check/INFO] [net.minecraftforge.fml.VersionChecker/]: [forge] Found status: OUTDATED Current: 47.3.7 Target: 47.4.0
[20Aug2025 21:19:36.648] [Forge Version Check/INFO] [net.minecraftforge.fml.VersionChecker/]: [journeymap] Starting version check at https://forge.curseupdate.com/32274/journeymap
[20Aug2025 21:19:37.066] [Forge Version Check/DEBUG] [net.minecraftforge.fml.VersionChecker/]: [journeymap] Received version check data:
{"promos":{"1.10.2-latest":"1.10.2-5.5.2","1.10.2-recommended":"1.10.2-5.5.2","1.11-latest":"1.11-5.4.6","1.11-recommended":"1.11-5.4.6","1.11.2-latest":"1.11.2-5.5.2","1.11.2-recommended":"1.11.2-5.5.2","1.12-latest":"1.12-5.5.2","1.12-recommended":"1.12-5.5.2","1.12.1-latest":"1.12.1-5.5.2","1.12.1-recommended":"1.12.1-5.5.2","1.12.2-latest":"1.12.2-5.7.1p3","1.12.2-recommended":"1.12.2-5.7.1p3","1.14.4-latest":"5.7.0","1.14.4-recommended":"5.7.0","1.15.2-latest":"5.7.0","1.15.2-recommended":"5.7.0","1.16.2-latest":"5.7.3","1.16.2-recommended":"5.7.3","1.16.3-latest":"5.7.3","1.16.3-recommended":"5.7.3","1.16.4-latest":"5.7.3","1.16.4-recommended":"5.7.3","1.16.5-latest":"5.8.6","1.16.5-recommended":"5.8.6","1.17.1-latest":"5.8.0","1.17.1-recommended":"5.8.0","1.18-latest":"5.8.0alpha9","1.18.1-latest":"5.8.1","1.18.1-recommended":"5.8.1","1.18.2-latest":"5.9.8","1.18.2-recommended":"5.9.8","1.19-latest":"5.8.5","1.19-recommended":"5.8.5","1.19.1-latest":"5.9.0beta2","1.19.2-latest":"5.9.8","1.19.2-recommended":"5.9.8","1.19.3-latest":"5.9.7","1.19.3-recommended":"5.9.7","1.19.4-latest":"5.9.8","1.19.4-recommended":"5.9.8","1.20-latest":"5.9.8","1.20-recommended":"5.9.8","1.20.1-latest":"5.10.3","1.20.1-recommended":"5.10.3","1.20.2-latest":"5.9.21","1.20.2-recommended":"5.9.21","1.20.3-latest":"5.9.18","1.20.3-recommended":"5.9.18","1.20.4-latest":"5.10.0","1.20.4-recommended":"5.10.0","1.20.6-latest":"5.10.0","1.20.6-recommended":"5.10.0","1.21-latest":"1.21-6.0.0-beta.27","1.21.1-latest":"1.21.1-6.0.0-beta.52","1.21.4-latest":"1.21.4-6.0.0-beta.45","1.21.5-latest":"1.21.5-6.0.0-beta.52","1.21.6-latest":"1.21.6-6.0.0-beta.52","1.21.7-latest":"1.21.7-6.0.0-beta.53","1.21.8-latest":"1.21.7-6.0.0-beta.53","1.6.4-latest":"4.0.3","1.6.4-recommended":"4.0.3","1.7.10-latest":"5.2.10","1.7.10-recommended":"5.2.10","1.7.2-latest":"4.0.3","1.7.2-recommended":"4.0.3","1.8-latest":"1.8-5.1.3","1.8-recommended":"1.8-5.1.3","1.8.8-latest":"1.8.8-5.1.3","1.8.8-recommended":"1.8.8-5.1.3","1.8.9-latest":"1.8.9-5.2.4","1.8.9-recommended":"1.8.9-5.2.4","1.9-latest":"1.9-5.5.2","1.9-recommended":"1.9-5.5.2","1.9.4-latest":"1.9.4-5.5.2","1.9.4-recommended":"1.9.4-5.5.2"},"homepage":"https://www.curseforge.com/minecraft/mc-mods/journeymap"}
[20Aug2025 21:19:37.069] [Forge Version Check/INFO] [net.minecraftforge.fml.VersionChecker/]: [journeymap] Found status: OUTDATED Current: 5.10.0 Target: 5.10.3
[20Aug2025 21:19:38.765] [main/INFO] [com.mojang.authlib.yggdrasil.YggdrasilAuthenticationService/]: Environment: authHost='https://authserver.mojang.com', accountsHost='https://api.mojang.com', sessionHost='https://sessionserver.mojang.com', servicesHost='https://api.minecraftservices.com', name='PROD'
[20Aug2025 21:19:42.044] [main/WARN] [net.minecraft.server.packs.VanillaPackResourcesBuilder/]: Assets URL 'union:/workspaces/FUNKAAAAAAA/servidor_minecraft/libraries/net/minecraft/server/1.20.1-20230612.114412/server-1.20.1-20230612.114412-srg.jar%23125!/assets/.mcassetsroot' uses unexpected schema
[20Aug2025 21:19:42.044] [main/WARN] [net.minecraft.server.packs.VanillaPackResourcesBuilder/]: Assets URL 'union:/workspaces/FUNKAAAAAAA/servidor_minecraft/libraries/net/minecraft/server/1.20.1-20230612.114412/server-1.20.1-20230612.114412-srg.jar%23125!/data/.mcassetsroot' uses unexpected schema
[20Aug2025 21:19:42.142] [main/DEBUG] [net.minecraftforge.server.ServerLifecycleHooks/CORE]: Generating PackInfo named mod:doppelgangermod for mod file /workspaces/FUNKAAAAAAA/servidor_minecraft/mods/doppelganger_V7.1_1.20.1_forge.jar
[20Aug2025 21:19:42.143] [main/DEBUG] [net.minecraftforge.server.ServerLifecycleHooks/CORE]: Generating PackInfo named mod:kuma_api for mod file 
[20Aug2025 21:19:42.143] [main/DEBUG] [net.minecraftforge.server.ServerLifecycleHooks/CORE]: Generating PackInfo named mod:tombstone for mod file /workspaces/FUNKAAAAAAA/servidor_minecraft/mods/tombstone-1.20.1-8.9.5.jar
[20Aug2025 21:19:42.143] [main/DEBUG] [net.minecraftforge.server.ServerLifecycleHooks/CORE]: Generating PackInfo named mod:killers for mod file /workspaces/FUNKAAAAAAA/servidor_minecraft/mods/killers-1.0.2-v-1-20-1.jar
[20Aug2025 21:19:42.144] [main/DEBUG] [net.minecraftforge.server.ServerLifecycleHooks/CORE]: Generating PackInfo named mod:geckolib for mod file /workspaces/FUNKAAAAAAA/servidor_minecraft/mods/geckolib-forge-1.20.1-4.7.1.2.jar
[20Aug2025 21:19:42.145] [main/DEBUG] [net.minecraftforge.server.ServerLifecycleHooks/CORE]: Generating PackInfo named mod:cave_dweller for mod file /workspaces/FUNKAAAAAAA/servidor_minecraft/mods/cave_dweller-1.20.1-1.7.0.jar
[20Aug2025 21:19:42.145] [main/DEBUG] [net.minecraftforge.server.ServerLifecycleHooks/CORE]: Generating PackInfo named mod:watching for mod file /workspaces/FUNKAAAAAAA/servidor_minecraft/mods/From-The-Fog-1.20-v1.9.2-Forge-Fabric.jar
[20Aug2025 21:19:42.147] [main/DEBUG] [net.minecraftforge.server.ServerLifecycleHooks/CORE]: Generating PackInfo named mod:balm for mod file /workspaces/FUNKAAAAAAA/servidor_minecraft/mods/balm-forge-1.20.1-7.3.18-all.jar
[20Aug2025 21:19:42.147] [main/DEBUG] [net.minecraftforge.server.ServerLifecycleHooks/CORE]: Generating PackInfo named mod:jei for mod file /workspaces/FUNKAAAAAAA/servidor_minecraft/mods/jei-1.20.1-forge-15.20.0.106.jar
[20Aug2025 21:19:42.148] [main/DEBUG] [net.minecraftforge.server.ServerLifecycleHooks/CORE]: Generating PackInfo named mod:sasquatch for mod file /workspaces/FUNKAAAAAAA/servidor_minecraft/mods/Horror_Cryptid_Sasquatch_1.2.4.jar
[20Aug2025 21:19:42.148] [main/DEBUG] [net.minecraftforge.server.ServerLifecycleHooks/CORE]: Generating PackInfo named mod:goat_man for mod file /workspaces/FUNKAAAAAAA/servidor_minecraft/mods/goat_man-1.20.1-2.8.jar
[20Aug2025 21:19:42.149] [main/DEBUG] [net.minecraftforge.server.ServerLifecycleHooks/CORE]: Generating PackInfo named mod:forge for mod file /workspaces/FUNKAAAAAAA/servidor_minecraft/libraries/net/minecraftforge/forge/1.20.1-47.3.7/forge-1.20.1-47.3.7-universal.jar
[20Aug2025 21:19:42.149] [main/DEBUG] [net.minecraftforge.server.ServerLifecycleHooks/CORE]: Generating PackInfo named mod:waystones for mod file /workspaces/FUNKAAAAAAA/servidor_minecraft/mods/waystones-forge-1.20.1-14.1.10.jar
[20Aug2025 21:19:42.150] [main/DEBUG] [net.minecraftforge.server.ServerLifecycleHooks/CORE]: Generating PackInfo named mod:journeymap for mod file /workspaces/FUNKAAAAAAA/servidor_minecraft/mods/journeymap-1.20.1-5.10.0-forge.jar
[20Aug2025 21:19:43.842] [main/DEBUG] [net.minecraftforge.coremod.transformer.CoreModBaseTransformer/COREMOD]: Transforming net/minecraft/server/commands/SummonCommand
[20Aug2025 21:19:44.650] [Worker-Main-1/DEBUG] [net.minecraftforge.coremod.transformer.CoreModBaseTransformer/COREMOD]: Transforming net/minecraft/world/entity/raid/Raid
[20Aug2025 21:19:45.153] [Worker-Main-1/DEBUG] [tombstone/]: Updating LootTables
[20Aug2025 21:19:45.763] [Worker-Main-1/DEBUG] [mixin/]: Mixing ItemInputMixin from tombstone.mixins.json into net.minecraft.commands.arguments.item.ItemInput
[20Aug2025 21:19:46.190] [main/WARN] [net.minecraft.world.level.storage.loot.LootDataManager/]: Found loot table element validation problem in {loot_tables:killers:entities/crawling_killer}.pools[2].entries[1].functions[1]: Parameters [<parameter minecraft:tool>] are not provided in this context
[20Aug2025 21:19:46.194] [main/WARN] [net.minecraft.world.level.storage.loot.LootDataManager/]: Found loot table element validation problem in {loot_tables:killers:entities/withered_killer}.pools[1].entries[0].functions[1]: Parameters [<parameter minecraft:tool>] are not provided in this context
[20Aug2025 21:19:46.195] [main/WARN] [net.minecraft.world.level.storage.loot.LootDataManager/]: Found loot table element validation problem in {loot_tables:killers:entities/ender_kille}.pools[1].entries[0].functions[1]: Parameters [<parameter minecraft:tool>] are not provided in this context
[20Aug2025 21:19:46.195] [main/WARN] [net.minecraft.world.level.storage.loot.LootDataManager/]: Found loot table element validation problem in {loot_tables:killers:entities/crawling_killer}.pools[1].entries[1].functions[1]: Parameters [<parameter minecraft:tool>] are not provided in this context
[20Aug2025 21:19:46.197] [main/WARN] [net.minecraft.world.level.storage.loot.LootDataManager/]: Found loot table element validation problem in {loot_tables:killers:entities/crawling_killer}.pools[2].entries[0].functions[1]: Parameters [<parameter minecraft:tool>] are not provided in this context
[20Aug2025 21:19:46.197] [main/WARN] [net.minecraft.world.level.storage.loot.LootDataManager/]: Found loot table element validation problem in {loot_tables:killers:entities/clown_killer}.pools[1].entries[0].functions[1]: Parameters [<parameter minecraft:tool>] are not provided in this context
[20Aug2025 21:19:46.199] [main/WARN] [net.minecraft.world.level.storage.loot.LootDataManager/]: Found loot table element validation problem in {loot_tables:killers:entities/swarm_killer}.pools[0].entries[0].functions[1]: Parameters [<parameter minecraft:tool>] are not provided in this context
[20Aug2025 21:19:46.200] [main/WARN] [net.minecraft.world.level.storage.loot.LootDataManager/]: Found loot table element validation problem in {loot_tables:killers:entities/swarm_killer}.pools[1].entries[1].functions[1]: Parameters [<parameter minecraft:tool>] are not provided in this context
[20Aug2025 21:19:46.200] [main/WARN] [net.minecraft.world.level.storage.loot.LootDataManager/]: Found loot table element validation problem in {loot_tables:killers:entities/swarm_killer}.pools[2].entries[0].functions[1]: Parameters [<parameter minecraft:tool>] are not provided in this context
[20Aug2025 21:19:46.202] [main/WARN] [net.minecraft.world.level.storage.loot.LootDataManager/]: Found loot table element validation problem in {loot_tables:killers:entities/withered_killer}.pools[2].entries[0].functions[1]: Parameters [<parameter minecraft:tool>] are not provided in this context
[20Aug2025 21:19:46.203] [main/WARN] [net.minecraft.world.level.storage.loot.LootDataManager/]: Found loot table element validation problem in {loot_tables:killers:entities/abstract_killer}.pools[0].entries[1].functions[2]: Parameters [<parameter minecraft:tool>] are not provided in this context
[20Aug2025 21:19:46.203] [main/WARN] [net.minecraft.world.level.storage.loot.LootDataManager/]: Found loot table element validation problem in {loot_tables:killers:entities/crawling_killer}.pools[1].entries[0].functions[1]: Parameters [<parameter minecraft:tool>] are not provided in this context
[20Aug2025 21:19:46.203] [main/WARN] [net.minecraft.world.level.storage.loot.LootDataManager/]: Found loot table element validation problem in {loot_tables:killers:entities/swarm_killer}.pools[1].entries[0].functions[1]: Parameters [<parameter minecraft:tool>] are not provided in this context
[20Aug2025 21:19:46.203] [main/WARN] [net.minecraft.world.level.storage.loot.LootDataManager/]: Found loot table element validation problem in {loot_tables:killers:entities/abstract_killer}.pools[1].entries[0].functions[1]: Parameters [<parameter minecraft:tool>] are not provided in this context
[20Aug2025 21:19:46.203] [main/WARN] [net.minecraft.world.level.storage.loot.LootDataManager/]: Found loot table element validation problem in {loot_tables:killers:entities/withered_killer}.pools[1].entries[1].functions[1]: Parameters [<parameter minecraft:tool>] are not provided in this context
[20Aug2025 21:19:46.203] [main/WARN] [net.minecraft.world.level.storage.loot.LootDataManager/]: Found loot table element validation problem in {loot_tables:killers:entities/raincoat_killer}.pools[1].entries[0].functions[1]: Parameters [<parameter minecraft:tool>] are not provided in this context
[20Aug2025 21:19:46.203] [main/WARN] [net.minecraft.world.level.storage.loot.LootDataManager/]: Found loot table element validation problem in {loot_tables:killers:entities/crawling_killer}.pools[0].entries[0].functions[1]: Parameters [<parameter minecraft:tool>] are not provided in this context
[20Aug2025 21:19:46.204] [main/WARN] [net.minecraft.world.level.storage.loot.LootDataManager/]: Found loot table element validation problem in {loot_tables:killers:entities/abstract_killer}.pools[1].entries[1].functions[1]: Parameters [<parameter minecraft:tool>] are not provided in this context
[20Aug2025 21:19:46.204] [main/WARN] [net.minecraft.world.level.storage.loot.LootDataManager/]: Found loot table element validation problem in {loot_tables:killers:entities/raincoat_killer}.pools[2].entries[0].functions[1]: Parameters [<parameter minecraft:tool>] are not provided in this context
[20Aug2025 21:19:46.204] [main/WARN] [net.minecraft.world.level.storage.loot.LootDataManager/]: Found loot table element validation problem in {loot_tables:killers:entities/clown_killer}.pools[1].entries[1].functions[1]: Parameters [<parameter minecraft:tool>] are not provided in this context
[20Aug2025 21:19:46.205] [main/WARN] [net.minecraft.world.level.storage.loot.LootDataManager/]: Found loot table element validation problem in {loot_tables:killers:entities/clown_killer}.pools[2].entries[0].functions[1]: Parameters [<parameter minecraft:tool>] are not provided in this context
[20Aug2025 21:19:46.207] [main/WARN] [net.minecraft.world.level.storage.loot.LootDataManager/]: Found loot table element validation problem in {loot_tables:killers:entities/raincoat_killer}.pools[1].entries[1].functions[1]: Parameters [<parameter minecraft:tool>] are not provided in this context
[20Aug2025 21:19:46.378] [main/INFO] [net.minecraft.world.item.crafting.RecipeManager/]: Loaded 8 recipes
[20Aug2025 21:19:46.386] [main/ERROR] [net.minecraft.server.ServerFunctionLibrary/]: Failed to load function watching:check
java.util.concurrent.CompletionException: java.lang.IllegalArgumentException: Whilst parsing command on line 1: Unknown or incomplete command, see below for error at position 0: <--[HERE]
	at java.util.concurrent.CompletableFuture.encodeThrowable(CompletableFuture.java:315) ~[?:?]
	at java.util.concurrent.CompletableFuture.completeThrowable(CompletableFuture.java:320) ~[?:?]
	at java.util.concurrent.CompletableFuture$AsyncSupply.run(CompletableFuture.java:1770) ~[?:?]
	at java.util.concurrent.CompletableFuture$AsyncSupply.exec(CompletableFuture.java:1760) ~[?:?]
	at java.util.concurrent.ForkJoinTask.doExec(ForkJoinTask.java:373) ~[?:?]
	at java.util.concurrent.ForkJoinPool$WorkQueue.topLevelExec(ForkJoinPool.java:1182) ~[?:?]
	at java.util.concurrent.ForkJoinPool.scan(ForkJoinPool.java:1655) ~[?:?]
	at java.util.concurrent.ForkJoinPool.runWorker(ForkJoinPool.java:1622) ~[?:?]
	at java.util.concurrent.ForkJoinWorkerThread.run(ForkJoinWorkerThread.java:165) ~[?:?]
Caused by: java.lang.IllegalArgumentException: Whilst parsing command on line 1: Unknown or incomplete command, see below for error at position 0: <--[HERE]
	at net.minecraft.commands.CommandFunction.m_77984_(CommandFunction.java:63) ~[server-1.20.1-20230612.114412-srg.jar%23125!/:?]
	at net.minecraft.server.ServerFunctionLibrary.m_214320_(ServerFunctionLibrary.java:83) ~[server-1.20.1-20230612.114412-srg.jar%23125!/:?]
	at java.util.concurrent.CompletableFuture$AsyncSupply.run(CompletableFuture.java:1768) ~[?:?]
	... 6 more
[20Aug2025 21:19:46.718] [main/INFO] [net.minecraft.advancements.AdvancementList/]: Loaded 1543 advancements
[20Aug2025 21:19:48.124] [main/DEBUG] [net.minecraftforge.common.ForgeHooks/WP]: Gathering id map for writing to world save world
[20Aug2025 21:19:48.159] [main/DEBUG] [net.minecraftforge.common.ForgeHooks/WP]: ID Map collection complete world
[20Aug2025 21:19:48.238] [main/DEBUG] [mixin/]: Mixing PlayerListMixin from balm.mixins.json into net.minecraft.server.players.PlayerList
[20Aug2025 21:19:48.292] [Server thread/INFO] [net.minecraft.server.dedicated.DedicatedServer/]: Starting minecraft server version 1.20.1
[20Aug2025 21:19:48.292] [Server thread/INFO] [net.minecraft.server.dedicated.DedicatedServer/]: Loading properties
[20Aug2025 21:19:48.292] [Server thread/INFO] [net.minecraft.server.dedicated.DedicatedServer/]: Default game type: SURVIVAL
[20Aug2025 21:19:48.292] [Server thread/INFO] [net.minecraft.server.MinecraftServer/]: Generating keypair
[20Aug2025 21:19:48.646] [Server thread/INFO] [net.minecraft.server.dedicated.DedicatedServer/]: Starting Minecraft server on *:25565
[20Aug2025 21:19:48.648] [Server thread/DEBUG] [net.minecraftforge.network.DualStackUtils/]: Detected IPv6 address: "0:0:0:0:0:0:0:0"
[20Aug2025 21:19:48.657] [Server thread/DEBUG] [io.netty.util.internal.NativeLibraryLoader/]: -Dio.netty.native.workdir: /tmp (io.netty.tmpdir)
[20Aug2025 21:19:48.658] [Server thread/DEBUG] [io.netty.util.internal.NativeLibraryLoader/]: -Dio.netty.native.deleteLibAfterLoading: true
[20Aug2025 21:19:48.658] [Server thread/DEBUG] [io.netty.util.internal.NativeLibraryLoader/]: -Dio.netty.native.tryPatchShadedId: true
[20Aug2025 21:19:48.658] [Server thread/DEBUG] [io.netty.util.internal.NativeLibraryLoader/]: -Dio.netty.native.detectNativeLibraryDuplicates: true
[20Aug2025 21:19:48.670] [Server thread/DEBUG] [io.netty.util.internal.NativeLibraryLoader/]: Successfully loaded the library /tmp/libnetty_transport_native_epoll_x86_644331416642680685075.so
[20Aug2025 21:19:48.675] [Server thread/DEBUG] [io.netty.util.NetUtil/]: -Djava.net.preferIPv4Stack: false
[20Aug2025 21:19:48.677] [Server thread/DEBUG] [io.netty.util.NetUtil/]: -Djava.net.preferIPv6Addresses: true
[20Aug2025 21:19:48.681] [Server thread/DEBUG] [io.netty.util.NetUtilInitializations/]: Loopback interface: lo (lo, 0:0:0:0:0:0:0:1%lo)
[20Aug2025 21:19:48.682] [Server thread/DEBUG] [io.netty.util.NetUtil/]: /proc/sys/net/core/somaxconn: 4096
[20Aug2025 21:19:48.689] [Server thread/INFO] [net.minecraft.server.network.ServerConnectionListener/]: Using epoll channel type
[20Aug2025 21:19:48.727] [Server thread/DEBUG] [io.netty.channel.MultithreadEventLoopGroup/]: -Dio.netty.eventLoopThreads: 4
[20Aug2025 21:19:48.755] [Server thread/DEBUG] [io.netty.util.internal.InternalThreadLocalMap/]: -Dio.netty.threadLocalMap.stringBuilder.initialSize: 1024
[20Aug2025 21:19:48.757] [Server thread/DEBUG] [io.netty.util.internal.InternalThreadLocalMap/]: -Dio.netty.threadLocalMap.stringBuilder.maxSize: 4096
[20Aug2025 21:19:48.784] [Server thread/DEBUG] [io.netty.util.internal.PlatformDependent/]: org.jctools-core.MpscChunkedArrayQueue: available
[20Aug2025 21:19:48.806] [Server thread/DEBUG] [io.netty.channel.DefaultChannelId/]: -Dio.netty.processId: 20662 (auto-detected)
[20Aug2025 21:19:48.811] [Server thread/DEBUG] [io.netty.channel.DefaultChannelId/]: -Dio.netty.machineId: 60:45:bd:ff:fe:bb:0d:28 (auto-detected)
[20Aug2025 21:19:48.882] [Server thread/DEBUG] [io.netty.buffer.PooledByteBufAllocator/]: -Dio.netty.allocator.numHeapArenas: 4
[20Aug2025 21:19:48.882] [Server thread/DEBUG] [io.netty.buffer.PooledByteBufAllocator/]: -Dio.netty.allocator.numDirectArenas: 4
[20Aug2025 21:19:48.882] [Server thread/DEBUG] [io.netty.buffer.PooledByteBufAllocator/]: -Dio.netty.allocator.pageSize: 8192
[20Aug2025 21:19:48.882] [Server thread/DEBUG] [io.netty.buffer.PooledByteBufAllocator/]: -Dio.netty.allocator.maxOrder: 9
[20Aug2025 21:19:48.883] [Server thread/DEBUG] [io.netty.buffer.PooledByteBufAllocator/]: -Dio.netty.allocator.chunkSize: 4194304
[20Aug2025 21:19:48.883] [Server thread/DEBUG] [io.netty.buffer.PooledByteBufAllocator/]: -Dio.netty.allocator.smallCacheSize: 256
[20Aug2025 21:19:48.884] [Server thread/DEBUG] [io.netty.buffer.PooledByteBufAllocator/]: -Dio.netty.allocator.normalCacheSize: 64
[20Aug2025 21:19:48.884] [Server thread/DEBUG] [io.netty.buffer.PooledByteBufAllocator/]: -Dio.netty.allocator.maxCachedBufferCapacity: 32768
[20Aug2025 21:19:48.884] [Server thread/DEBUG] [io.netty.buffer.PooledByteBufAllocator/]: -Dio.netty.allocator.cacheTrimInterval: 8192
[20Aug2025 21:19:48.884] [Server thread/DEBUG] [io.netty.buffer.PooledByteBufAllocator/]: -Dio.netty.allocator.cacheTrimIntervalMillis: 0
[20Aug2025 21:19:48.885] [Server thread/DEBUG] [io.netty.buffer.PooledByteBufAllocator/]: -Dio.netty.allocator.useCacheForAllThreads: false
[20Aug2025 21:19:48.885] [Server thread/DEBUG] [io.netty.buffer.PooledByteBufAllocator/]: -Dio.netty.allocator.maxCachedByteBuffersPerChunk: 1023
[20Aug2025 21:19:48.908] [Server thread/DEBUG] [io.netty.buffer.ByteBufUtil/]: -Dio.netty.allocator.type: pooled
[20Aug2025 21:19:48.908] [Server thread/DEBUG] [io.netty.buffer.ByteBufUtil/]: -Dio.netty.threadLocalDirectBufferSize: 0
[20Aug2025 21:19:48.908] [Server thread/DEBUG] [io.netty.buffer.ByteBufUtil/]: -Dio.netty.maxThreadLocalCharBufferSize: 16384
[20Aug2025 21:19:48.932] [Server thread/WARN] [net.minecraft.server.dedicated.DedicatedServer/]: **** SERVER IS RUNNING IN OFFLINE/INSECURE MODE!
[20Aug2025 21:19:48.933] [Server thread/WARN] [net.minecraft.server.dedicated.DedicatedServer/]: The server will make no attempt to authenticate usernames. Beware.
[20Aug2025 21:19:48.934] [Server thread/WARN] [net.minecraft.server.dedicated.DedicatedServer/]: While this makes the game possible to play without internet access, it also opens up the ability for hackers to connect with any username they choose.
[20Aug2025 21:19:48.935] [Server thread/WARN] [net.minecraft.server.dedicated.DedicatedServer/]: To change this, set "online-mode" to "true" in the server.properties file.
[20Aug2025 21:19:48.977] [Server thread/DEBUG] [net.minecraftforge.fml.config.ConfigTracker/CONFIG]: Loading configs type SERVER
[20Aug2025 21:19:48.977] [Server thread/DEBUG] [net.minecraftforge.fml.config.ConfigFileTypeHandler/CONFIG]: Built TOML config for /workspaces/FUNKAAAAAAA/servidor_minecraft/config/tombstone-server.toml
[20Aug2025 21:19:48.981] [Server thread/DEBUG] [net.minecraftforge.fml.config.ConfigFileTypeHandler/CONFIG]: Loaded TOML config file /workspaces/FUNKAAAAAAA/servidor_minecraft/config/tombstone-server.toml
[20Aug2025 21:19:48.983] [Server thread/DEBUG] [net.minecraftforge.fml.config.ConfigFileTypeHandler/CONFIG]: Watching TOML config file /workspaces/FUNKAAAAAAA/servidor_minecraft/config/tombstone-server.toml for changes
[20Aug2025 21:19:48.985] [Thread-1/DEBUG] [net.minecraftforge.fml.config.ConfigFileTypeHandler/CONFIG]: Config file tombstone-server.toml changed, sending notifies
[20Aug2025 21:19:48.990] [Thread-1/DEBUG] [net.minecraftforge.fml.config.ConfigFileTypeHandler/CONFIG]: Config file tombstone-server.toml changed, sending notifies
[20Aug2025 21:19:48.991] [Server thread/DEBUG] [net.minecraftforge.fml.config.ConfigFileTypeHandler/CONFIG]: Built TOML config for ./world/serverconfig/cave_dweller-server.toml
[20Aug2025 21:19:48.992] [Server thread/DEBUG] [net.minecraftforge.fml.config.ConfigFileTypeHandler/CONFIG]: Loaded TOML config file ./world/serverconfig/cave_dweller-server.toml
[20Aug2025 21:19:48.996] [Thread-1/DEBUG] [net.minecraftforge.fml.config.ConfigFileTypeHandler/CONFIG]: Config file tombstone-server.toml changed, sending notifies
[20Aug2025 21:19:48.998] [Server thread/DEBUG] [net.minecraftforge.fml.config.ConfigFileTypeHandler/CONFIG]: Watching TOML config file ./world/serverconfig/cave_dweller-server.toml for changes
[20Aug2025 21:19:48.999] [Server thread/DEBUG] [net.minecraftforge.fml.config.ConfigFileTypeHandler/CONFIG]: Built TOML config for ./world/serverconfig/jei-server.toml
[20Aug2025 21:19:49.001] [Thread-1/DEBUG] [net.minecraftforge.fml.config.ConfigFileTypeHandler/CONFIG]: Config file cave_dweller-server.toml changed, sending notifies
[20Aug2025 21:19:49.003] [Server thread/DEBUG] [net.minecraftforge.fml.config.ConfigFileTypeHandler/CONFIG]: Loaded TOML config file ./world/serverconfig/jei-server.toml
[20Aug2025 21:19:49.004] [Server thread/DEBUG] [net.minecraftforge.fml.config.ConfigFileTypeHandler/CONFIG]: Watching TOML config file ./world/serverconfig/jei-server.toml for changes
[20Aug2025 21:19:49.005] [Server thread/DEBUG] [net.minecraftforge.fml.config.ConfigFileTypeHandler/CONFIG]: Built TOML config for ./world/serverconfig/goat_man-server.toml
[20Aug2025 21:19:49.005] [Server thread/DEBUG] [net.minecraftforge.fml.config.ConfigFileTypeHandler/CONFIG]: Loaded TOML config file ./world/serverconfig/goat_man-server.toml
[20Aug2025 21:19:49.006] [Thread-1/INFO] [de.cadentem.cave_dweller.CaveDweller/]: Server configuration has been reloaded
[20Aug2025 21:19:49.010] [Server thread/DEBUG] [net.minecraftforge.fml.config.ConfigFileTypeHandler/CONFIG]: Watching TOML config file ./world/serverconfig/goat_man-server.toml for changes
[20Aug2025 21:19:49.011] [Server thread/DEBUG] [net.minecraftforge.fml.config.ConfigFileTypeHandler/CONFIG]: Built TOML config for ./world/serverconfig/forge-server.toml
[20Aug2025 21:19:49.011] [Server thread/DEBUG] [net.minecraftforge.fml.config.ConfigFileTypeHandler/CONFIG]: Loaded TOML config file ./world/serverconfig/forge-server.toml
[20Aug2025 21:19:49.012] [Server thread/DEBUG] [net.minecraftforge.fml.config.ConfigFileTypeHandler/CONFIG]: Watching TOML config file ./world/serverconfig/forge-server.toml for changes
[20Aug2025 21:19:49.013] [Server thread/DEBUG] [net.minecraftforge.common.ForgeConfig/FORGEMOD]: Loaded forge config file forge-server.toml
[20Aug2025 21:19:49.015] [Server thread/DEBUG] [net.minecraftforge.fml.config.ConfigFileTypeHandler/CONFIG]: Built TOML config for ./world/serverconfig/journeymap-server.toml
[20Aug2025 21:19:49.017] [Thread-1/DEBUG] [net.minecraftforge.fml.config.ConfigFileTypeHandler/CONFIG]: Config file forge-server.toml changed, sending notifies
[20Aug2025 21:19:49.017] [Thread-1/DEBUG] [net.minecraftforge.common.ForgeConfig/FORGEMOD]: Forge config just got changed on the file system!
[20Aug2025 21:19:49.017] [Server thread/DEBUG] [net.minecraftforge.fml.config.ConfigFileTypeHandler/CONFIG]: Loaded TOML config file ./world/serverconfig/journeymap-server.toml
[20Aug2025 21:19:49.019] [Server thread/DEBUG] [net.minecraftforge.fml.config.ConfigFileTypeHandler/CONFIG]: Watching TOML config file ./world/serverconfig/journeymap-server.toml for changes
[20Aug2025 21:19:49.020] [Server thread/INFO] [journeymap/]: Loading JourneyMap Forge Configs
[20Aug2025 21:19:49.126] [Server thread/INFO] [net.minecraft.server.dedicated.DedicatedServer/]: Preparing level "world"
[20Aug2025 21:19:49.141] [Server thread/DEBUG] [net.minecraftforge.coremod.transformer.CoreModBaseTransformer/COREMOD]: Transforming net/minecraft/world/level/levelgen/PhantomSpawner
[20Aug2025 21:19:49.164] [Server thread/DEBUG] [net.minecraftforge.coremod.transformer.CoreModBaseTransformer/COREMOD]: Transforming net/minecraft/world/level/levelgen/PatrolSpawner
[20Aug2025 21:19:49.184] [Server thread/DEBUG] [net.minecraftforge.coremod.transformer.CoreModBaseTransformer/COREMOD]: Transforming net/minecraft/world/entity/npc/CatSpawner
[20Aug2025 21:19:49.204] [Server thread/DEBUG] [net.minecraftforge.coremod.transformer.CoreModBaseTransformer/COREMOD]: Transforming net/minecraft/world/entity/ai/village/VillageSiege
[20Aug2025 21:19:49.255] [Server thread/DEBUG] [mixin/]: Mixing DamageSourcesMixin from tombstone.mixins.json into net.minecraft.world.damagesource.DamageSources
[20Aug2025 21:19:59.408] [Server thread/INFO] [net.minecraft.server.MinecraftServer/]: Preparing start region for dimension minecraft:overworld
[20Aug2025 21:20:04.755] [Server thread/DEBUG] [net.minecraftforge.coremod.transformer.CoreModBaseTransformer/COREMOD]: Transforming net/minecraft/world/level/levelgen/structure/templatesystem/StructureTemplate
[20Aug2025 21:20:10.228] [Worker-Main-1/INFO] [net.minecraft.server.level.progress.LoggerChunkProgressListener/]: Preparing spawn area: 0%
[20Aug2025 21:20:10.388] [Worker-Main-1/INFO] [net.minecraft.server.level.progress.LoggerChunkProgressListener/]: Preparing spawn area: 0%
[20Aug2025 21:20:10.599] [Worker-Main-1/INFO] [net.minecraft.server.level.progress.LoggerChunkProgressListener/]: Preparing spawn area: 0%
[20Aug2025 21:20:10.649] [Worker-Main-1/INFO] [net.minecraft.server.level.progress.LoggerChunkProgressListener/]: Preparing spawn area: 0%
[20Aug2025 21:20:10.701] [Worker-Main-1/INFO] [net.minecraft.server.level.progress.LoggerChunkProgressListener/]: Preparing spawn area: 0%
[20Aug2025 21:20:10.720] [Worker-Main-1/INFO] [net.minecraft.server.level.progress.LoggerChunkProgressListener/]: Preparing spawn area: 0%
[20Aug2025 21:20:10.738] [Worker-Main-1/INFO] [net.minecraft.server.level.progress.LoggerChunkProgressListener/]: Preparing spawn area: 0%
[20Aug2025 21:20:10.778] [Worker-Main-1/INFO] [net.minecraft.server.level.progress.LoggerChunkProgressListener/]: Preparing spawn area: 0%
[20Aug2025 21:20:10.810] [Worker-Main-1/INFO] [net.minecraft.server.level.progress.LoggerChunkProgressListener/]: Preparing spawn area: 0%
[20Aug2025 21:20:10.853] [Worker-Main-1/INFO] [net.minecraft.server.level.progress.LoggerChunkProgressListener/]: Preparing spawn area: 0%
[20Aug2025 21:20:10.881] [Worker-Main-1/INFO] [net.minecraft.server.level.progress.LoggerChunkProgressListener/]: Preparing spawn area: 0%
[20Aug2025 21:20:10.939] [Worker-Main-1/INFO] [net.minecraft.server.level.progress.LoggerChunkProgressListener/]: Preparing spawn area: 0%
[20Aug2025 21:20:10.971] [Worker-Main-1/INFO] [net.minecraft.server.level.progress.LoggerChunkProgressListener/]: Preparing spawn area: 0%
[20Aug2025 21:20:11.003] [Worker-Main-1/INFO] [net.minecraft.server.level.progress.LoggerChunkProgressListener/]: Preparing spawn area: 0%
[20Aug2025 21:20:11.049] [Worker-Main-1/INFO] [net.minecraft.server.level.progress.LoggerChunkProgressListener/]: Preparing spawn area: 0%
[20Aug2025 21:20:11.072] [Worker-Main-1/INFO] [net.minecraft.server.level.progress.LoggerChunkProgressListener/]: Preparing spawn area: 0%
[20Aug2025 21:20:11.100] [Worker-Main-1/INFO] [net.minecraft.server.level.progress.LoggerChunkProgressListener/]: Preparing spawn area: 0%
[20Aug2025 21:20:11.137] [Worker-Main-1/INFO] [net.minecraft.server.level.progress.LoggerChunkProgressListener/]: Preparing spawn area: 0%
[20Aug2025 21:20:11.148] [Worker-Main-1/INFO] [net.minecraft.server.level.progress.LoggerChunkProgressListener/]: Preparing spawn area: 0%
[20Aug2025 21:20:11.157] [Worker-Main-1/INFO] [net.minecraft.server.level.progress.LoggerChunkProgressListener/]: Preparing spawn area: 0%
[20Aug2025 21:20:11.172] [Worker-Main-1/INFO] [net.minecraft.server.level.progress.LoggerChunkProgressListener/]: Preparing spawn area: 0%
[20Aug2025 21:20:11.187] [Worker-Main-1/INFO] [net.minecraft.server.level.progress.LoggerChunkProgressListener/]: Preparing spawn area: 0%
[20Aug2025 21:20:11.197] [Worker-Main-1/INFO] [net.minecraft.server.level.progress.LoggerChunkProgressListener/]: Preparing spawn area: 0%
[20Aug2025 21:20:11.205] [Worker-Main-1/INFO] [net.minecraft.server.level.progress.LoggerChunkProgressListener/]: Preparing spawn area: 0%
[20Aug2025 21:20:11.411] [Worker-Main-1/INFO] [net.minecraft.server.level.progress.LoggerChunkProgressListener/]: Preparing spawn area: 0%
[20Aug2025 21:20:11.911] [Worker-Main-1/INFO] [net.minecraft.server.level.progress.LoggerChunkProgressListener/]: Preparing spawn area: 0%
[20Aug2025 21:20:12.478] [Worker-Main-1/INFO] [net.minecraft.server.level.progress.LoggerChunkProgressListener/]: Preparing spawn area: 0%
[20Aug2025 21:20:12.910] [Worker-Main-1/INFO] [net.minecraft.server.level.progress.LoggerChunkProgressListener/]: Preparing spawn area: 0%
[20Aug2025 21:20:13.486] [Worker-Main-1/INFO] [net.minecraft.server.level.progress.LoggerChunkProgressListener/]: Preparing spawn area: 0%
[20Aug2025 21:20:14.102] [Server thread/INFO] [net.minecraft.server.level.progress.LoggerChunkProgressListener/]: Time elapsed: 14693 ms
[20Aug2025 21:20:14.103] [Server thread/INFO] [net.minecraft.server.dedicated.DedicatedServer/]: Done (25.127s)! For help, type "help"
[20Aug2025 21:20:14.123] [Server thread/DEBUG] [net.minecraftforge.network.DualStackUtils/]: Detected IPv6 address: "0:0:0:0:0:0:0:0"
[20Aug2025 21:20:14.157] [Server thread/DEBUG] [net.minecraftforge.common.ForgeI18n/CORE]: Loading I18N data entries: 2999
[20Aug2025 21:20:14.165] [Server thread/INFO] [net.minecraftforge.server.permission.PermissionAPI/]: Successfully initialized permission handler forge:default_handler
[20Aug2025 21:20:14.266] [Server thread/DEBUG] [io.netty.buffer.AbstractByteBuf/]: -Dio.netty.buffer.checkAccessible: true
[20Aug2025 21:20:14.266] [Server thread/DEBUG] [io.netty.buffer.AbstractByteBuf/]: -Dio.netty.buffer.checkBounds: true
[20Aug2025 21:20:14.267] [Server thread/DEBUG] [io.netty.util.ResourceLeakDetectorFactory/]: Loaded default ResourceLeakDetector: io.netty.util.ResourceLeakDetector@5f079eb0
[20Aug2025 21:20:14.366] [Server thread/DEBUG] [net.minecraftforge.coremod.transformer.CoreModBaseTransformer/COREMOD]: Transforming net/minecraft/world/level/NaturalSpawner
[20Aug2025 21:20:33.104] [Netty Epoll Server IO #1/DEBUG] [io.netty.util.Recycler/]: -Dio.netty.recycler.maxCapacityPerThread: 4096
[20Aug2025 21:20:33.105] [Netty Epoll Server IO #1/DEBUG] [io.netty.util.Recycler/]: -Dio.netty.recycler.ratio: 8
[20Aug2025 21:20:33.105] [Netty Epoll Server IO #1/DEBUG] [io.netty.util.Recycler/]: -Dio.netty.recycler.chunkSize: 32
[20Aug2025 21:20:33.105] [Netty Epoll Server IO #1/DEBUG] [io.netty.util.Recycler/]: -Dio.netty.recycler.blocking: false
[20Aug2025 21:20:36.285] [Netty Epoll Server IO #3/DEBUG] [net.minecraftforge.network.HandshakeHandler/FMLHANDSHAKE]: Starting new modded impl connection. Found 28 messages to dispatch.
[20Aug2025 21:20:36.325] [Server thread/DEBUG] [net.minecraftforge.network.HandshakeHandler/FMLHANDSHAKE]: Sending ticking packet info 'net.minecraftforge.network.HandshakeMessages$S2CModData' to 'fml:handshake' sequence 0
[20Aug2025 21:20:36.376] [Server thread/DEBUG] [net.minecraftforge.network.HandshakeHandler/FMLHANDSHAKE]: Sending ticking packet info 'net.minecraftforge.network.HandshakeMessages$S2CModList' to 'fml:handshake' sequence 1
[20Aug2025 21:20:36.425] [Server thread/DEBUG] [net.minecraftforge.network.HandshakeHandler/FMLHANDSHAKE]: Sending ticking packet info 'Registry minecraft:command_argument_type' to 'fml:handshake' sequence 2
[20Aug2025 21:20:36.475] [Server thread/DEBUG] [net.minecraftforge.network.HandshakeHandler/FMLHANDSHAKE]: Sending ticking packet info 'Registry minecraft:recipe_serializer' to 'fml:handshake' sequence 3
[20Aug2025 21:20:36.515] [Netty Epoll Server IO #3/DEBUG] [net.minecraftforge.network.LoginWrapper/FMLHANDSHAKE]: Recieved login wrapper packet event for channel fml:handshake with index 1
[20Aug2025 21:20:36.520] [Netty Epoll Server IO #3/DEBUG] [net.minecraftforge.network.HandshakeHandler/FMLHANDSHAKE]: Received client indexed reply 1 of type net.minecraftforge.network.HandshakeMessages$C2SModListReply
[20Aug2025 21:20:36.522] [Netty Epoll Server IO #3/DEBUG] [net.minecraftforge.network.HandshakeHandler/FMLHANDSHAKE]: Received client connection with modlist [minecraft, doppelgangermod, kuma_api, tombstone, killers, geckolib, cave_dweller, watching, balm, jei, sasquatch, goat_man, forge, waystones, journeymap]
[20Aug2025 21:20:36.525] [Server thread/DEBUG] [net.minecraftforge.network.HandshakeHandler/FMLHANDSHAKE]: Sending ticking packet info 'Registry minecraft:sound_event' to 'fml:handshake' sequence 4
[20Aug2025 21:20:36.527] [Netty Epoll Server IO #3/DEBUG] [net.minecraftforge.network.NetworkRegistry/NETREGISTRY]: Channel 'killers:killers' : Version test of '1' from client : ACCEPTED
[20Aug2025 21:20:36.528] [Netty Epoll Server IO #3/DEBUG] [net.minecraftforge.network.NetworkRegistry/NETREGISTRY]: Channel 'jei:channel' : Version test of '1.0.0' from client : ACCEPTED
[20Aug2025 21:20:36.528] [Netty Epoll Server IO #3/DEBUG] [net.minecraftforge.network.NetworkRegistry/NETREGISTRY]: Channel 'minecraft:unregister' : Version test of 'FML3' from client : ACCEPTED
[20Aug2025 21:20:36.528] [Netty Epoll Server IO #3/DEBUG] [net.minecraftforge.network.NetworkRegistry/NETREGISTRY]: Channel 'journeymap:version' : Version test of '1' from client : ACCEPTED
[20Aug2025 21:20:36.528] [Netty Epoll Server IO #3/DEBUG] [net.minecraftforge.network.NetworkRegistry/NETREGISTRY]: Channel 'worldinfo:world_id' : Version test of '1' from client : ACCEPTED
[20Aug2025 21:20:36.528] [Netty Epoll Server IO #3/DEBUG] [net.minecraftforge.network.NetworkRegistry/NETREGISTRY]: Channel 'cave_dweller:main' : Version test of '2' from client : ACCEPTED
[20Aug2025 21:20:36.528] [Netty Epoll Server IO #3/DEBUG] [net.minecraftforge.network.NetworkRegistry/NETREGISTRY]: Channel 'journeymap:admin_req' : Version test of '1' from client : ACCEPTED
[20Aug2025 21:20:36.528] [Netty Epoll Server IO #3/DEBUG] [net.minecraftforge.network.NetworkRegistry/NETREGISTRY]: Channel 'journeymap:waypoint' : Version test of '1' from client : ACCEPTED
[20Aug2025 21:20:36.528] [Netty Epoll Server IO #3/DEBUG] [net.minecraftforge.network.NetworkRegistry/NETREGISTRY]: Channel 'journeymap:mp_options_req' : Version test of '1' from client : ACCEPTED
[20Aug2025 21:20:36.528] [Netty Epoll Server IO #3/DEBUG] [net.minecraftforge.network.NetworkRegistry/NETREGISTRY]: Channel 'fml:loginwrapper' : Version test of 'FML3' from client : ACCEPTED
[20Aug2025 21:20:36.528] [Netty Epoll Server IO #3/DEBUG] [net.minecraftforge.network.NetworkRegistry/NETREGISTRY]: Channel 'forge:tier_sorting' : Version test of '1.0' from client : ACCEPTED
[20Aug2025 21:20:36.528] [Netty Epoll Server IO #3/DEBUG] [net.minecraftforge.network.NetworkRegistry/NETREGISTRY]: Channel 'tombstone:tombstone_channel' : Version test of 'tombstone-8.9.5' from client : ACCEPTED
[20Aug2025 21:20:36.528] [Netty Epoll Server IO #3/DEBUG] [net.minecraftforge.network.NetworkRegistry/NETREGISTRY]: Channel 'fml:play' : Version test of 'FML3' from client : ACCEPTED
[20Aug2025 21:20:36.528] [Netty Epoll Server IO #3/DEBUG] [net.minecraftforge.network.NetworkRegistry/NETREGISTRY]: Channel 'doppelgangermod:doppelgangermod' : Version test of '1' from client : ACCEPTED
[20Aug2025 21:20:36.528] [Netty Epoll Server IO #3/DEBUG] [net.minecraftforge.network.NetworkRegistry/NETREGISTRY]: Channel 'journeymap:admin_save' : Version test of '1' from client : ACCEPTED
[20Aug2025 21:20:36.528] [Netty Epoll Server IO #3/DEBUG] [net.minecraftforge.network.NetworkRegistry/NETREGISTRY]: Channel 'journeymap:player_loc' : Version test of '1' from client : ACCEPTED
[20Aug2025 21:20:36.528] [Netty Epoll Server IO #3/DEBUG] [net.minecraftforge.network.NetworkRegistry/NETREGISTRY]: Channel 'journeymap:teleport_req' : Version test of '1' from client : ACCEPTED
[20Aug2025 21:20:36.528] [Netty Epoll Server IO #3/DEBUG] [net.minecraftforge.network.NetworkRegistry/NETREGISTRY]: Channel 'fml:handshake' : Version test of 'FML3' from client : ACCEPTED
[20Aug2025 21:20:36.528] [Netty Epoll Server IO #3/DEBUG] [net.minecraftforge.network.NetworkRegistry/NETREGISTRY]: Channel 'sasquatch:sasquatch' : Version test of '1' from client : ACCEPTED
[20Aug2025 21:20:36.528] [Netty Epoll Server IO #3/DEBUG] [net.minecraftforge.network.NetworkRegistry/NETREGISTRY]: Channel 'journeymap:common' : Version test of '1' from client : ACCEPTED
[20Aug2025 21:20:36.528] [Netty Epoll Server IO #3/DEBUG] [net.minecraftforge.network.NetworkRegistry/NETREGISTRY]: Channel 'goat_man:main' : Version test of '2' from client : ACCEPTED
[20Aug2025 21:20:36.529] [Netty Epoll Server IO #3/DEBUG] [net.minecraftforge.network.NetworkRegistry/NETREGISTRY]: Channel 'minecraft:register' : Version test of 'FML3' from client : ACCEPTED
[20Aug2025 21:20:36.529] [Netty Epoll Server IO #3/DEBUG] [net.minecraftforge.network.NetworkRegistry/NETREGISTRY]: Channel 'forge:split' : Version test of '1.1' from client : ACCEPTED
[20Aug2025 21:20:36.529] [Netty Epoll Server IO #3/DEBUG] [net.minecraftforge.network.NetworkRegistry/NETREGISTRY]: Channel 'journeymap:perm_req' : Version test of '1' from client : ACCEPTED
[20Aug2025 21:20:36.529] [Netty Epoll Server IO #3/DEBUG] [net.minecraftforge.network.NetworkRegistry/NETREGISTRY]: Channel 'geckolib:main' : Version test of '1' from client : ACCEPTED
[20Aug2025 21:20:36.529] [Netty Epoll Server IO #3/DEBUG] [net.minecraftforge.network.NetworkRegistry/NETREGISTRY]: Channel 'waystones:network' : Version test of '1.0' from client : ACCEPTED
[20Aug2025 21:20:36.529] [Netty Epoll Server IO #3/DEBUG] [net.minecraftforge.network.NetworkRegistry/NETREGISTRY]: Accepting channel list from client
[20Aug2025 21:20:36.529] [Netty Epoll Server IO #3/DEBUG] [net.minecraftforge.network.HandshakeHandler/FMLHANDSHAKE]: Accepted client connection mod list
[20Aug2025 21:20:36.561] [Netty Epoll Server IO #3/DEBUG] [net.minecraftforge.network.LoginWrapper/FMLHANDSHAKE]: Recieved login wrapper packet event for channel fml:handshake with index 2
[20Aug2025 21:20:36.562] [Netty Epoll Server IO #3/DEBUG] [net.minecraftforge.network.HandshakeHandler/FMLHANDSHAKE]: Received client indexed reply 2 of type net.minecraftforge.network.HandshakeMessages$C2SAcknowledge
[20Aug2025 21:20:36.563] [Netty Epoll Server IO #3/DEBUG] [net.minecraftforge.network.HandshakeHandler/FMLHANDSHAKE]: Received acknowledgement from client
[20Aug2025 21:20:36.576] [Server thread/DEBUG] [net.minecraftforge.network.HandshakeHandler/FMLHANDSHAKE]: Sending ticking packet info 'Registry minecraft:particle_type' to 'fml:handshake' sequence 5
[20Aug2025 21:20:36.607] [Netty Epoll Server IO #3/DEBUG] [net.minecraftforge.network.LoginWrapper/FMLHANDSHAKE]: Recieved login wrapper packet event for channel fml:handshake with index 3
[20Aug2025 21:20:36.607] [Netty Epoll Server IO #3/DEBUG] [net.minecraftforge.network.HandshakeHandler/FMLHANDSHAKE]: Received client indexed reply 3 of type net.minecraftforge.network.HandshakeMessages$C2SAcknowledge
[20Aug2025 21:20:36.608] [Netty Epoll Server IO #3/DEBUG] [net.minecraftforge.network.HandshakeHandler/FMLHANDSHAKE]: Received acknowledgement from client
[20Aug2025 21:20:36.624] [Server thread/DEBUG] [net.minecraftforge.network.HandshakeHandler/FMLHANDSHAKE]: Sending ticking packet info 'Registry minecraft:villager_profession' to 'fml:handshake' sequence 6
[20Aug2025 21:20:36.674] [Server thread/DEBUG] [net.minecraftforge.network.HandshakeHandler/FMLHANDSHAKE]: Sending ticking packet info 'Registry minecraft:item' to 'fml:handshake' sequence 7
[20Aug2025 21:20:36.724] [Server thread/DEBUG] [net.minecraftforge.network.HandshakeHandler/FMLHANDSHAKE]: Sending ticking packet info 'Registry minecraft:potion' to 'fml:handshake' sequence 8
[20Aug2025 21:20:36.774] [Server thread/DEBUG] [net.minecraftforge.network.HandshakeHandler/FMLHANDSHAKE]: Sending ticking packet info 'Registry minecraft:painting_variant' to 'fml:handshake' sequence 9
[20Aug2025 21:20:36.824] [Server thread/DEBUG] [net.minecraftforge.network.HandshakeHandler/FMLHANDSHAKE]: Sending ticking packet info 'Registry forge:fluid_type' to 'fml:handshake' sequence 10
[20Aug2025 21:20:36.874] [Server thread/DEBUG] [net.minecraftforge.network.HandshakeHandler/FMLHANDSHAKE]: Sending ticking packet info 'Registry minecraft:block_entity_type' to 'fml:handshake' sequence 11
[20Aug2025 21:20:36.920] [Netty Epoll Server IO #3/DEBUG] [net.minecraftforge.network.LoginWrapper/FMLHANDSHAKE]: Recieved login wrapper packet event for channel fml:handshake with index 4
[20Aug2025 21:20:36.920] [Netty Epoll Server IO #3/DEBUG] [net.minecraftforge.network.HandshakeHandler/FMLHANDSHAKE]: Received client indexed reply 4 of type net.minecraftforge.network.HandshakeMessages$C2SAcknowledge
[20Aug2025 21:20:36.921] [Netty Epoll Server IO #3/DEBUG] [net.minecraftforge.network.HandshakeHandler/FMLHANDSHAKE]: Received acknowledgement from client
[20Aug2025 21:20:36.921] [Netty Epoll Server IO #3/DEBUG] [net.minecraftforge.network.LoginWrapper/FMLHANDSHAKE]: Recieved login wrapper packet event for channel fml:handshake with index 5
[20Aug2025 21:20:36.921] [Netty Epoll Server IO #3/DEBUG] [net.minecraftforge.network.HandshakeHandler/FMLHANDSHAKE]: Received client indexed reply 5 of type net.minecraftforge.network.HandshakeMessages$C2SAcknowledge
[20Aug2025 21:20:36.921] [Netty Epoll Server IO #3/DEBUG] [net.minecraftforge.network.HandshakeHandler/FMLHANDSHAKE]: Received acknowledgement from client
[20Aug2025 21:20:36.921] [Netty Epoll Server IO #3/DEBUG] [net.minecraftforge.network.LoginWrapper/FMLHANDSHAKE]: Recieved login wrapper packet event for channel fml:handshake with index 6
[20Aug2025 21:20:36.922] [Netty Epoll Server IO #3/DEBUG] [net.minecraftforge.network.HandshakeHandler/FMLHANDSHAKE]: Received client indexed reply 6 of type net.minecraftforge.network.HandshakeMessages$C2SAcknowledge
[20Aug2025 21:20:36.922] [Netty Epoll Server IO #3/DEBUG] [net.minecraftforge.network.HandshakeHandler/FMLHANDSHAKE]: Received acknowledgement from client
[20Aug2025 21:20:36.926] [Server thread/DEBUG] [net.minecraftforge.network.HandshakeHandler/FMLHANDSHAKE]: Sending ticking packet info 'Registry forge:display_contexts' to 'fml:handshake' sequence 12
[20Aug2025 21:20:36.975] [Server thread/DEBUG] [net.minecraftforge.network.HandshakeHandler/FMLHANDSHAKE]: Sending ticking packet info 'Registry minecraft:block' to 'fml:handshake' sequence 13
[20Aug2025 21:20:37.024] [Server thread/DEBUG] [net.minecraftforge.network.HandshakeHandler/FMLHANDSHAKE]: Sending ticking packet info 'Registry forge:entity_data_serializers' to 'fml:handshake' sequence 14
[20Aug2025 21:20:37.047] [Netty Epoll Server IO #3/DEBUG] [net.minecraftforge.network.LoginWrapper/FMLHANDSHAKE]: Recieved login wrapper packet event for channel fml:handshake with index 7
[20Aug2025 21:20:37.047] [Netty Epoll Server IO #3/DEBUG] [net.minecraftforge.network.HandshakeHandler/FMLHANDSHAKE]: Received client indexed reply 7 of type net.minecraftforge.network.HandshakeMessages$C2SAcknowledge
[20Aug2025 21:20:37.047] [Netty Epoll Server IO #3/DEBUG] [net.minecraftforge.network.HandshakeHandler/FMLHANDSHAKE]: Received acknowledgement from client
[20Aug2025 21:20:37.047] [Netty Epoll Server IO #3/DEBUG] [net.minecraftforge.network.LoginWrapper/FMLHANDSHAKE]: Recieved login wrapper packet event for channel fml:handshake with index 8
[20Aug2025 21:20:37.047] [Netty Epoll Server IO #3/DEBUG] [net.minecraftforge.network.HandshakeHandler/FMLHANDSHAKE]: Received client indexed reply 8 of type net.minecraftforge.network.HandshakeMessages$C2SAcknowledge
[20Aug2025 21:20:37.047] [Netty Epoll Server IO #3/DEBUG] [net.minecraftforge.network.HandshakeHandler/FMLHANDSHAKE]: Received acknowledgement from client
[20Aug2025 21:20:37.048] [Netty Epoll Server IO #3/DEBUG] [net.minecraftforge.network.LoginWrapper/FMLHANDSHAKE]: Recieved login wrapper packet event for channel fml:handshake with index 9
[20Aug2025 21:20:37.048] [Netty Epoll Server IO #3/DEBUG] [net.minecraftforge.network.HandshakeHandler/FMLHANDSHAKE]: Received client indexed reply 9 of type net.minecraftforge.network.HandshakeMessages$C2SAcknowledge
[20Aug2025 21:20:37.048] [Netty Epoll Server IO #3/DEBUG] [net.minecraftforge.network.HandshakeHandler/FMLHANDSHAKE]: Received acknowledgement from client
[20Aug2025 21:20:37.048] [Netty Epoll Server IO #3/DEBUG] [net.minecraftforge.network.LoginWrapper/FMLHANDSHAKE]: Recieved login wrapper packet event for channel fml:handshake with index 10
[20Aug2025 21:20:37.049] [Netty Epoll Server IO #3/DEBUG] [net.minecraftforge.network.HandshakeHandler/FMLHANDSHAKE]: Received client indexed reply 10 of type net.minecraftforge.network.HandshakeMessages$C2SAcknowledge
[20Aug2025 21:20:37.049] [Netty Epoll Server IO #3/DEBUG] [net.minecraftforge.network.HandshakeHandler/FMLHANDSHAKE]: Received acknowledgement from client
[20Aug2025 21:20:37.049] [Netty Epoll Server IO #3/DEBUG] [net.minecraftforge.network.LoginWrapper/FMLHANDSHAKE]: Recieved login wrapper packet event for channel fml:handshake with index 11
[20Aug2025 21:20:37.049] [Netty Epoll Server IO #3/DEBUG] [net.minecraftforge.network.HandshakeHandler/FMLHANDSHAKE]: Received client indexed reply 11 of type net.minecraftforge.network.HandshakeMessages$C2SAcknowledge
[20Aug2025 21:20:37.049] [Netty Epoll Server IO #3/DEBUG] [net.minecraftforge.network.HandshakeHandler/FMLHANDSHAKE]: Received acknowledgement from client
[20Aug2025 21:20:37.058] [Netty Epoll Server IO #3/DEBUG] [net.minecraftforge.network.LoginWrapper/FMLHANDSHAKE]: Recieved login wrapper packet event for channel fml:handshake with index 12
[20Aug2025 21:20:37.059] [Netty Epoll Server IO #3/DEBUG] [net.minecraftforge.network.HandshakeHandler/FMLHANDSHAKE]: Received client indexed reply 12 of type net.minecraftforge.network.HandshakeMessages$C2SAcknowledge
[20Aug2025 21:20:37.059] [Netty Epoll Server IO #3/DEBUG] [net.minecraftforge.network.HandshakeHandler/FMLHANDSHAKE]: Received acknowledgement from client
[20Aug2025 21:20:37.074] [Server thread/DEBUG] [net.minecraftforge.network.HandshakeHandler/FMLHANDSHAKE]: Sending ticking packet info 'Registry minecraft:mob_effect' to 'fml:handshake' sequence 15
[20Aug2025 21:20:37.117] [Netty Epoll Server IO #3/DEBUG] [net.minecraftforge.network.LoginWrapper/FMLHANDSHAKE]: Recieved login wrapper packet event for channel fml:handshake with index 13
[20Aug2025 21:20:37.117] [Netty Epoll Server IO #3/DEBUG] [net.minecraftforge.network.HandshakeHandler/FMLHANDSHAKE]: Received client indexed reply 13 of type net.minecraftforge.network.HandshakeMessages$C2SAcknowledge
[20Aug2025 21:20:37.117] [Netty Epoll Server IO #3/DEBUG] [net.minecraftforge.network.HandshakeHandler/FMLHANDSHAKE]: Received acknowledgement from client
[20Aug2025 21:20:37.124] [Server thread/DEBUG] [net.minecraftforge.network.HandshakeHandler/FMLHANDSHAKE]: Sending ticking packet info 'Registry minecraft:stat_type' to 'fml:handshake' sequence 16
[20Aug2025 21:20:37.171] [Netty Epoll Server IO #3/DEBUG] [net.minecraftforge.network.LoginWrapper/FMLHANDSHAKE]: Recieved login wrapper packet event for channel fml:handshake with index 14
[20Aug2025 21:20:37.171] [Netty Epoll Server IO #3/DEBUG] [net.minecraftforge.network.HandshakeHandler/FMLHANDSHAKE]: Received client indexed reply 14 of type net.minecraftforge.network.HandshakeMessages$C2SAcknowledge
[20Aug2025 21:20:37.171] [Netty Epoll Server IO #3/DEBUG] [net.minecraftforge.network.HandshakeHandler/FMLHANDSHAKE]: Received acknowledgement from client
[20Aug2025 21:20:37.176] [Server thread/DEBUG] [net.minecraftforge.network.HandshakeHandler/FMLHANDSHAKE]: Sending ticking packet info 'Registry tombstone:perks' to 'fml:handshake' sequence 17
[20Aug2025 21:20:37.204] [Netty Epoll Server IO #3/DEBUG] [net.minecraftforge.network.LoginWrapper/FMLHANDSHAKE]: Recieved login wrapper packet event for channel fml:handshake with index 15
[20Aug2025 21:20:37.204] [Netty Epoll Server IO #3/DEBUG] [net.minecraftforge.network.HandshakeHandler/FMLHANDSHAKE]: Received client indexed reply 15 of type net.minecraftforge.network.HandshakeMessages$C2SAcknowledge
[20Aug2025 21:20:37.204] [Netty Epoll Server IO #3/DEBUG] [net.minecraftforge.network.HandshakeHandler/FMLHANDSHAKE]: Received acknowledgement from client
[20Aug2025 21:20:37.224] [Server thread/DEBUG] [net.minecraftforge.network.HandshakeHandler/FMLHANDSHAKE]: Sending ticking packet info 'Registry minecraft:menu' to 'fml:handshake' sequence 18
[20Aug2025 21:20:37.253] [Netty Epoll Server IO #3/DEBUG] [net.minecraftforge.network.LoginWrapper/FMLHANDSHAKE]: Recieved login wrapper packet event for channel fml:handshake with index 16
[20Aug2025 21:20:37.253] [Netty Epoll Server IO #3/DEBUG] [net.minecraftforge.network.HandshakeHandler/FMLHANDSHAKE]: Received client indexed reply 16 of type net.minecraftforge.network.HandshakeMessages$C2SAcknowledge
[20Aug2025 21:20:37.254] [Netty Epoll Server IO #3/DEBUG] [net.minecraftforge.network.HandshakeHandler/FMLHANDSHAKE]: Received acknowledgement from client
[20Aug2025 21:20:37.275] [Server thread/DEBUG] [net.minecraftforge.network.HandshakeHandler/FMLHANDSHAKE]: Sending ticking packet info 'Registry minecraft:enchantment' to 'fml:handshake' sequence 19
[20Aug2025 21:20:37.305] [Netty Epoll Server IO #3/DEBUG] [net.minecraftforge.network.LoginWrapper/FMLHANDSHAKE]: Recieved login wrapper packet event for channel fml:handshake with index 17
[20Aug2025 21:20:37.305] [Netty Epoll Server IO #3/DEBUG] [net.minecraftforge.network.HandshakeHandler/FMLHANDSHAKE]: Received client indexed reply 17 of type net.minecraftforge.network.HandshakeMessages$C2SAcknowledge
[20Aug2025 21:20:37.305] [Netty Epoll Server IO #3/DEBUG] [net.minecraftforge.network.HandshakeHandler/FMLHANDSHAKE]: Received acknowledgement from client
[20Aug2025 21:20:37.324] [Server thread/DEBUG] [net.minecraftforge.network.HandshakeHandler/FMLHANDSHAKE]: Sending ticking packet info 'Registry minecraft:fluid' to 'fml:handshake' sequence 20
[20Aug2025 21:20:37.354] [Netty Epoll Server IO #3/DEBUG] [net.minecraftforge.network.LoginWrapper/FMLHANDSHAKE]: Recieved login wrapper packet event for channel fml:handshake with index 18
[20Aug2025 21:20:37.354] [Netty Epoll Server IO #3/DEBUG] [net.minecraftforge.network.HandshakeHandler/FMLHANDSHAKE]: Received client indexed reply 18 of type net.minecraftforge.network.HandshakeMessages$C2SAcknowledge
[20Aug2025 21:20:37.354] [Netty Epoll Server IO #3/DEBUG] [net.minecraftforge.network.HandshakeHandler/FMLHANDSHAKE]: Received acknowledgement from client
[20Aug2025 21:20:37.374] [Server thread/DEBUG] [net.minecraftforge.network.HandshakeHandler/FMLHANDSHAKE]: Sending ticking packet info 'Registry minecraft:entity_type' to 'fml:handshake' sequence 21
[20Aug2025 21:20:37.404] [Netty Epoll Server IO #3/DEBUG] [net.minecraftforge.network.LoginWrapper/FMLHANDSHAKE]: Recieved login wrapper packet event for channel fml:handshake with index 19
[20Aug2025 21:20:37.405] [Netty Epoll Server IO #3/DEBUG] [net.minecraftforge.network.HandshakeHandler/FMLHANDSHAKE]: Received client indexed reply 19 of type net.minecraftforge.network.HandshakeMessages$C2SAcknowledge
[20Aug2025 21:20:37.405] [Netty Epoll Server IO #3/DEBUG] [net.minecraftforge.network.HandshakeHandler/FMLHANDSHAKE]: Received acknowledgement from client
[20Aug2025 21:20:37.424] [Server thread/DEBUG] [net.minecraftforge.network.HandshakeHandler/FMLHANDSHAKE]: Sending ticking packet info 'Config journeymap-server.toml' to 'fml:handshake' sequence 22
[20Aug2025 21:20:37.453] [Netty Epoll Server IO #3/DEBUG] [net.minecraftforge.network.LoginWrapper/FMLHANDSHAKE]: Recieved login wrapper packet event for channel fml:handshake with index 20
[20Aug2025 21:20:37.453] [Netty Epoll Server IO #3/DEBUG] [net.minecraftforge.network.HandshakeHandler/FMLHANDSHAKE]: Received client indexed reply 20 of type net.minecraftforge.network.HandshakeMessages$C2SAcknowledge
[20Aug2025 21:20:37.453] [Netty Epoll Server IO #3/DEBUG] [net.minecraftforge.network.HandshakeHandler/FMLHANDSHAKE]: Received acknowledgement from client
[20Aug2025 21:20:37.474] [Server thread/DEBUG] [net.minecraftforge.network.HandshakeHandler/FMLHANDSHAKE]: Sending ticking packet info 'Config tombstone-server.toml' to 'fml:handshake' sequence 23
[20Aug2025 21:20:37.525] [Server thread/DEBUG] [net.minecraftforge.network.HandshakeHandler/FMLHANDSHAKE]: Sending ticking packet info 'Config cave_dweller-server.toml' to 'fml:handshake' sequence 24
[20Aug2025 21:20:37.574] [Server thread/DEBUG] [net.minecraftforge.network.HandshakeHandler/FMLHANDSHAKE]: Sending ticking packet info 'Config jei-server.toml' to 'fml:handshake' sequence 25
[20Aug2025 21:20:37.624] [Server thread/DEBUG] [net.minecraftforge.network.HandshakeHandler/FMLHANDSHAKE]: Sending ticking packet info 'Config forge-server.toml' to 'fml:handshake' sequence 26
[20Aug2025 21:20:37.674] [Server thread/DEBUG] [net.minecraftforge.network.HandshakeHandler/FMLHANDSHAKE]: Sending ticking packet info 'Config goat_man-server.toml' to 'fml:handshake' sequence 27
[20Aug2025 21:20:37.858] [Netty Epoll Server IO #3/DEBUG] [net.minecraftforge.network.LoginWrapper/FMLHANDSHAKE]: Recieved login wrapper packet event for channel fml:handshake with index 21
[20Aug2025 21:20:37.859] [Netty Epoll Server IO #3/DEBUG] [net.minecraftforge.network.HandshakeHandler/FMLHANDSHAKE]: Received client indexed reply 21 of type net.minecraftforge.network.HandshakeMessages$C2SAcknowledge
[20Aug2025 21:20:37.859] [Netty Epoll Server IO #3/DEBUG] [net.minecraftforge.network.HandshakeHandler/FMLHANDSHAKE]: Received acknowledgement from client
[20Aug2025 21:20:37.862] [Netty Epoll Server IO #3/DEBUG] [net.minecraftforge.network.LoginWrapper/FMLHANDSHAKE]: Recieved login wrapper packet event for channel fml:handshake with index 22
[20Aug2025 21:20:37.863] [Netty Epoll Server IO #3/DEBUG] [net.minecraftforge.network.HandshakeHandler/FMLHANDSHAKE]: Received client indexed reply 22 of type net.minecraftforge.network.HandshakeMessages$C2SAcknowledge
[20Aug2025 21:20:37.863] [Netty Epoll Server IO #3/DEBUG] [net.minecraftforge.network.HandshakeHandler/FMLHANDSHAKE]: Received acknowledgement from client
[20Aug2025 21:20:37.863] [Netty Epoll Server IO #3/DEBUG] [net.minecraftforge.network.LoginWrapper/FMLHANDSHAKE]: Recieved login wrapper packet event for channel fml:handshake with index 23
[20Aug2025 21:20:37.863] [Netty Epoll Server IO #3/DEBUG] [net.minecraftforge.network.HandshakeHandler/FMLHANDSHAKE]: Received client indexed reply 23 of type net.minecraftforge.network.HandshakeMessages$C2SAcknowledge
[20Aug2025 21:20:37.863] [Netty Epoll Server IO #3/DEBUG] [net.minecraftforge.network.HandshakeHandler/FMLHANDSHAKE]: Received acknowledgement from client
[20Aug2025 21:20:37.866] [Netty Epoll Server IO #3/DEBUG] [net.minecraftforge.network.LoginWrapper/FMLHANDSHAKE]: Recieved login wrapper packet event for channel fml:handshake with index 24
[20Aug2025 21:20:37.866] [Netty Epoll Server IO #3/DEBUG] [net.minecraftforge.network.HandshakeHandler/FMLHANDSHAKE]: Received client indexed reply 24 of type net.minecraftforge.network.HandshakeMessages$C2SAcknowledge
[20Aug2025 21:20:37.866] [Netty Epoll Server IO #3/DEBUG] [net.minecraftforge.network.HandshakeHandler/FMLHANDSHAKE]: Received acknowledgement from client
[20Aug2025 21:20:37.866] [Netty Epoll Server IO #3/DEBUG] [net.minecraftforge.network.LoginWrapper/FMLHANDSHAKE]: Recieved login wrapper packet event for channel fml:handshake with index 25
[20Aug2025 21:20:37.866] [Netty Epoll Server IO #3/DEBUG] [net.minecraftforge.network.HandshakeHandler/FMLHANDSHAKE]: Received client indexed reply 25 of type net.minecraftforge.network.HandshakeMessages$C2SAcknowledge
[20Aug2025 21:20:37.866] [Netty Epoll Server IO #3/DEBUG] [net.minecraftforge.network.HandshakeHandler/FMLHANDSHAKE]: Received acknowledgement from client
[20Aug2025 21:20:37.867] [Netty Epoll Server IO #3/DEBUG] [net.minecraftforge.network.LoginWrapper/FMLHANDSHAKE]: Recieved login wrapper packet event for channel fml:handshake with index 26
[20Aug2025 21:20:37.867] [Netty Epoll Server IO #3/DEBUG] [net.minecraftforge.network.HandshakeHandler/FMLHANDSHAKE]: Received client indexed reply 26 of type net.minecraftforge.network.HandshakeMessages$C2SAcknowledge
[20Aug2025 21:20:37.867] [Netty Epoll Server IO #3/DEBUG] [net.minecraftforge.network.HandshakeHandler/FMLHANDSHAKE]: Received acknowledgement from client
[20Aug2025 21:20:37.868] [Netty Epoll Server IO #3/DEBUG] [net.minecraftforge.network.LoginWrapper/FMLHANDSHAKE]: Recieved login wrapper packet event for channel fml:handshake with index 27
[20Aug2025 21:20:37.868] [Netty Epoll Server IO #3/DEBUG] [net.minecraftforge.network.HandshakeHandler/FMLHANDSHAKE]: Received client indexed reply 27 of type net.minecraftforge.network.HandshakeMessages$C2SAcknowledge
[20Aug2025 21:20:37.868] [Netty Epoll Server IO #3/DEBUG] [net.minecraftforge.network.HandshakeHandler/FMLHANDSHAKE]: Received acknowledgement from client
[20Aug2025 21:20:37.874] [Server thread/DEBUG] [net.minecraftforge.network.HandshakeHandler/FMLHANDSHAKE]: Handshake complete!
[20Aug2025 21:20:38.071] [Server thread/INFO] [net.minecraft.server.players.PlayerList/]: Kratos991[/127.23.195.250:50843] logged in with entity id 414 at (1242.875291738361, 116.0, -764.1164251400926)
[20Aug2025 21:20:38.095] [Server thread/DEBUG] [net.minecraftforge.network.filters.NetworkFilters/]: Injected net.minecraftforge.network.filters.ForgeConnectionNetworkFilter@363bdc6c into net.minecraft.network.Connection@710065c1
[20Aug2025 21:20:38.336] [Server thread/INFO] [net.minecraft.server.MinecraftServer/]: Kratos991 joined the game
[20Aug2025 21:20:41.959] [Server thread/WARN] [net.minecraft.server.MinecraftServer/]: Can't keep up! Is the server overloaded? Running 3935ms or 78 ticks behind
[20Aug2025 21:20:43.802] [Server thread/DEBUG] [io.netty.util.internal.ThreadLocalRandom/]: -Dio.netty.initialSeedUniquifier: 0xc49b4e8a7a4cc5d6
[20Aug2025 21:21:02.889] [Server thread/WARN] [net.minecraft.server.MinecraftServer/]: Can't keep up! Is the server overloaded? Running 2015ms or 40 ticks behind
[20Aug2025 21:25:20.225] [Server thread/DEBUG] [net.minecraftforge.common.ForgeHooks/WP]: Gathering id map for writing to world save world
[20Aug2025 21:25:20.250] [Server thread/DEBUG] [net.minecraftforge.common.ForgeHooks/WP]: ID Map collection complete world
[20Aug2025 21:25:56.451] [Server thread/INFO] [net.minecraft.server.MinecraftServer/]: [Kratos991: Teleported Kratos991 to 1265.500000, 109.000000, -779.320000]
[20Aug2025 21:30:20.163] [Server thread/DEBUG] [net.minecraftforge.common.ForgeHooks/WP]: Gathering id map for writing to world save world
[20Aug2025 21:30:20.186] [Server thread/DEBUG] [net.minecraftforge.common.ForgeHooks/WP]: ID Map collection complete world
[20Aug2025 21:30:23.480] [Server thread/DEBUG] [de.cadentem.goat_man.GoatMan/]: Cave Dweller could not pass the spawn checks, target: [ServerPlayer['Kratos991'/414, l='ServerLevel[world]', x=1274.26, y=111.56, z=-790.99]]
[20Aug2025 21:30:24.125] [Server thread/DEBUG] [de.cadentem.goat_man.GoatMan/]: Cave Dweller could not pass the spawn checks, target: [ServerPlayer['Kratos991'/414, l='ServerLevel[world]', x=1274.26, y=111.56, z=-790.99]]
[20Aug2025 21:30:24.225] [Server thread/DEBUG] [de.cadentem.goat_man.GoatMan/]: Cave Dweller could not pass the spawn checks, target: [ServerPlayer['Kratos991'/414, l='ServerLevel[world]', x=1274.26, y=111.56, z=-790.99]]
[20Aug2025 21:30:24.525] [Server thread/DEBUG] [de.cadentem.goat_man.GoatMan/]: Cave Dweller could not pass the spawn checks, target: [ServerPlayer['Kratos991'/414, l='ServerLevel[world]', x=1274.26, y=111.56, z=-790.99]]
[20Aug2025 21:30:25.475] [Server thread/DEBUG] [de.cadentem.goat_man.GoatMan/]: Cave Dweller could not pass the spawn checks, target: [ServerPlayer['Kratos991'/414, l='ServerLevel[world]', x=1274.26, y=111.56, z=-790.99]]
[20Aug2025 21:30:26.275] [Server thread/DEBUG] [de.cadentem.goat_man.GoatMan/]: Cave Dweller could not pass the spawn checks, target: [ServerPlayer['Kratos991'/414, l='ServerLevel[world]', x=1274.26, y=111.56, z=-790.99]]
[20Aug2025 21:30:26.626] [Server thread/DEBUG] [de.cadentem.goat_man.GoatMan/]: Cave Dweller could not pass the spawn checks, target: [ServerPlayer['Kratos991'/414, l='ServerLevel[world]', x=1274.26, y=111.56, z=-790.99]]
[20Aug2025 21:30:27.926] [Server thread/DEBUG] [de.cadentem.goat_man.GoatMan/]: Cave Dweller could not pass the spawn checks, target: [ServerPlayer['Kratos991'/414, l='ServerLevel[world]', x=1274.26, y=111.56, z=-790.99]]
[20Aug2025 21:30:27.974] [Server thread/DEBUG] [de.cadentem.goat_man.GoatMan/]: Cave Dweller could not pass the spawn checks, target: [ServerPlayer['Kratos991'/414, l='ServerLevel[world]', x=1274.26, y=111.56, z=-790.99]]
[20Aug2025 21:30:29.824] [Server thread/DEBUG] [de.cadentem.goat_man.GoatMan/]: Cave Dweller could not pass the spawn checks, target: [ServerPlayer['Kratos991'/414, l='ServerLevel[world]', x=1274.26, y=111.56, z=-790.99]]
[20Aug2025 21:30:31.024] [Server thread/DEBUG] [de.cadentem.goat_man.GoatMan/]: Cave Dweller could not pass the spawn checks, target: [ServerPlayer['Kratos991'/414, l='ServerLevel[world]', x=1274.26, y=111.56, z=-790.99]]
[20Aug2025 21:30:31.274] [Server thread/DEBUG] [de.cadentem.goat_man.GoatMan/]: Cave Dweller could not pass the spawn checks, target: [ServerPlayer['Kratos991'/414, l='ServerLevel[world]', x=1274.26, y=111.56, z=-790.99]]
[20Aug2025 21:30:32.775] [Server thread/DEBUG] [de.cadentem.goat_man.GoatMan/]: Cave Dweller could not pass the spawn checks, target: [ServerPlayer['Kratos991'/414, l='ServerLevel[world]', x=1274.26, y=111.56, z=-790.99]]
[20Aug2025 21:30:33.725] [Server thread/DEBUG] [de.cadentem.goat_man.GoatMan/]: Cave Dweller could not pass the spawn checks, target: [ServerPlayer['Kratos991'/414, l='ServerLevel[world]', x=1274.26, y=111.56, z=-790.99]]
[20Aug2025 21:30:34.224] [Server thread/DEBUG] [de.cadentem.goat_man.GoatMan/]: Cave Dweller could not pass the spawn checks, target: [ServerPlayer['Kratos991'/414, l='ServerLevel[world]', x=1274.26, y=111.56, z=-790.99]]
[20Aug2025 21:30:35.525] [Server thread/DEBUG] [de.cadentem.goat_man.GoatMan/]: Cave Dweller could not pass the spawn checks, target: [ServerPlayer['Kratos991'/414, l='ServerLevel[world]', x=1274.26, y=111.56, z=-790.99]]
[20Aug2025 21:30:36.475] [Server thread/DEBUG] [de.cadentem.goat_man.GoatMan/]: Cave Dweller could not pass the spawn checks, target: [ServerPlayer['Kratos991'/414, l='ServerLevel[world]', x=1274.26, y=111.56, z=-790.99]]
[20Aug2025 21:30:36.924] [Server thread/DEBUG] [de.cadentem.goat_man.GoatMan/]: Cave Dweller could not pass the spawn checks, target: [ServerPlayer['Kratos991'/414, l='ServerLevel[world]', x=1274.26, y=111.56, z=-790.99]]
[20Aug2025 21:30:37.074] [Server thread/DEBUG] [de.cadentem.goat_man.GoatMan/]: Cave Dweller could not pass the spawn checks, target: [ServerPlayer['Kratos991'/414, l='ServerLevel[world]', x=1274.26, y=111.56, z=-790.99]]
[20Aug2025 21:30:38.926] [Server thread/DEBUG] [de.cadentem.goat_man.GoatMan/]: Cave Dweller could not pass the spawn checks, target: [ServerPlayer['Kratos991'/414, l='ServerLevel[world]', x=1274.26, y=111.56, z=-790.99]]
[20Aug2025 21:30:41.124] [Server thread/DEBUG] [de.cadentem.goat_man.GoatMan/]: Cave Dweller could not pass the spawn checks, target: [ServerPlayer['Kratos991'/414, l='ServerLevel[world]', x=1274.26, y=111.56, z=-790.99]]
[20Aug2025 21:30:41.424] [Server thread/DEBUG] [de.cadentem.goat_man.GoatMan/]: Cave Dweller could not pass the spawn checks, target: [ServerPlayer['Kratos991'/414, l='ServerLevel[world]', x=1274.26, y=111.56, z=-790.99]]
[20Aug2025 21:30:42.574] [Server thread/DEBUG] [de.cadentem.goat_man.GoatMan/]: Cave Dweller could not pass the spawn checks, target: [ServerPlayer['Kratos991'/414, l='ServerLevel[world]', x=1274.26, y=111.56, z=-790.99]]
[20Aug2025 21:30:43.175] [Server thread/DEBUG] [de.cadentem.goat_man.GoatMan/]: Cave Dweller could not pass the spawn checks, target: [ServerPlayer['Kratos991'/414, l='ServerLevel[world]', x=1274.26, y=111.56, z=-790.99]]
[20Aug2025 21:30:43.426] [Server thread/DEBUG] [de.cadentem.goat_man.GoatMan/]: Cave Dweller could not pass the spawn checks, target: [ServerPlayer['Kratos991'/414, l='ServerLevel[world]', x=1274.26, y=111.56, z=-790.99]]
[20Aug2025 21:30:43.824] [Server thread/DEBUG] [de.cadentem.goat_man.GoatMan/]: Cave Dweller could not pass the spawn checks, target: [ServerPlayer['Kratos991'/414, l='ServerLevel[world]', x=1274.26, y=111.56, z=-790.99]]
[20Aug2025 21:30:44.425] [Server thread/DEBUG] [de.cadentem.goat_man.GoatMan/]: Cave Dweller could not pass the spawn checks, target: [ServerPlayer['Kratos991'/414, l='ServerLevel[world]', x=1274.26, y=111.56, z=-790.99]]
[20Aug2025 21:30:45.324] [Server thread/DEBUG] [de.cadentem.goat_man.GoatMan/]: Cave Dweller could not pass the spawn checks, target: [ServerPlayer['Kratos991'/414, l='ServerLevel[world]', x=1274.26, y=111.56, z=-790.99]]
[20Aug2025 21:30:47.724] [Server thread/DEBUG] [de.cadentem.goat_man.GoatMan/]: Cave Dweller could not pass the spawn checks, target: [ServerPlayer['Kratos991'/414, l='ServerLevel[world]', x=1274.26, y=111.56, z=-790.99]]
[20Aug2025 21:30:48.525] [Server thread/DEBUG] [de.cadentem.goat_man.GoatMan/]: Cave Dweller could not pass the spawn checks, target: [ServerPlayer['Kratos991'/414, l='ServerLevel[world]', x=1274.26, y=111.56, z=-790.99]]
[20Aug2025 21:30:48.774] [Server thread/DEBUG] [de.cadentem.goat_man.GoatMan/]: Cave Dweller could not pass the spawn checks, target: [ServerPlayer['Kratos991'/414, l='ServerLevel[world]', x=1274.26, y=111.56, z=-790.99]]
[20Aug2025 21:30:48.975] [Server thread/DEBUG] [de.cadentem.goat_man.GoatMan/]: Cave Dweller could not pass the spawn checks, target: [ServerPlayer['Kratos991'/414, l='ServerLevel[world]', x=1274.26, y=111.56, z=-790.99]]
[20Aug2025 21:30:49.074] [Server thread/DEBUG] [de.cadentem.goat_man.GoatMan/]: Cave Dweller could not pass the spawn checks, target: [ServerPlayer['Kratos991'/414, l='ServerLevel[world]', x=1274.26, y=111.56, z=-790.99]]
[20Aug2025 21:30:50.075] [Server thread/DEBUG] [de.cadentem.goat_man.GoatMan/]: Cave Dweller could not pass the spawn checks, target: [ServerPlayer['Kratos991'/414, l='ServerLevel[world]', x=1274.26, y=111.56, z=-790.99]]
[20Aug2025 21:30:51.924] [Server thread/DEBUG] [de.cadentem.goat_man.GoatMan/]: Cave Dweller could not pass the spawn checks, target: [ServerPlayer['Kratos991'/414, l='ServerLevel[world]', x=1274.26, y=111.56, z=-790.99]]
[20Aug2025 21:30:54.074] [Server thread/DEBUG] [de.cadentem.goat_man.GoatMan/]: Cave Dweller could not pass the spawn checks, target: [ServerPlayer['Kratos991'/414, l='ServerLevel[world]', x=1274.26, y=111.56, z=-790.99]]
[20Aug2025 21:30:54.425] [Server thread/DEBUG] [de.cadentem.goat_man.GoatMan/]: Cave Dweller could not pass the spawn checks, target: [ServerPlayer['Kratos991'/414, l='ServerLevel[world]', x=1274.26, y=111.56, z=-790.99]]
[20Aug2025 21:30:54.726] [Server thread/DEBUG] [de.cadentem.goat_man.GoatMan/]: Cave Dweller could not pass the spawn checks, target: [ServerPlayer['Kratos991'/414, l='ServerLevel[world]', x=1274.26, y=111.56, z=-790.99]]
[20Aug2025 21:30:54.924] [Server thread/DEBUG] [de.cadentem.goat_man.GoatMan/]: Cave Dweller could not pass the spawn checks, target: [ServerPlayer['Kratos991'/414, l='ServerLevel[world]', x=1274.26, y=111.56, z=-790.99]]
[20Aug2025 21:30:55.474] [Server thread/DEBUG] [de.cadentem.goat_man.GoatMan/]: Cave Dweller could not pass the spawn checks, target: [ServerPlayer['Kratos991'/414, l='ServerLevel[world]', x=1274.26, y=111.56, z=-790.99]]
[20Aug2025 21:30:55.975] [Server thread/DEBUG] [de.cadentem.goat_man.GoatMan/]: Cave Dweller could not pass the spawn checks, target: [ServerPlayer['Kratos991'/414, l='ServerLevel[world]', x=1274.26, y=111.56, z=-790.99]]
[20Aug2025 21:30:57.124] [Server thread/DEBUG] [de.cadentem.goat_man.GoatMan/]: Cave Dweller could not pass the spawn checks, target: [ServerPlayer['Kratos991'/414, l='ServerLevel[world]', x=1274.26, y=111.56, z=-790.99]]
[20Aug2025 21:33:48.975] [Server thread/DEBUG] [de.cadentem.goat_man.GoatMan/]: Cave Dweller could not pass the spawn checks, target: [ServerPlayer['Kratos991'/414, l='ServerLevel[world]', x=1274.26, y=111.56, z=-790.99]]
[20Aug2025 21:33:49.024] [Server thread/DEBUG] [de.cadentem.goat_man.GoatMan/]: Cave Dweller could not pass the spawn checks, target: [ServerPlayer['Kratos991'/414, l='ServerLevel[world]', x=1274.26, y=111.56, z=-790.99]]
[20Aug2025 21:33:49.074] [Server thread/DEBUG] [de.cadentem.goat_man.GoatMan/]: Cave Dweller could not pass the spawn checks, target: [ServerPlayer['Kratos991'/414, l='ServerLevel[world]', x=1274.26, y=111.56, z=-790.99]]
[20Aug2025 21:33:49.124] [Server thread/DEBUG] [de.cadentem.goat_man.GoatMan/]: Cave Dweller could not pass the spawn checks, target: [ServerPlayer['Kratos991'/414, l='ServerLevel[world]', x=1274.26, y=111.56, z=-790.99]]
[20Aug2025 21:33:51.124] [Server thread/DEBUG] [de.cadentem.goat_man.GoatMan/]: Cave Dweller could not pass the spawn checks, target: [ServerPlayer['Kratos991'/414, l='ServerLevel[world]', x=1274.26, y=111.56, z=-790.99]]
[20Aug2025 21:33:52.674] [Server thread/DEBUG] [de.cadentem.goat_man.GoatMan/]: Cave Dweller could not pass the spawn checks, target: [ServerPlayer['Kratos991'/414, l='ServerLevel[world]', x=1274.26, y=111.56, z=-790.99]]
[20Aug2025 21:33:54.975] [Server thread/DEBUG] [de.cadentem.goat_man.GoatMan/]: Cave Dweller could not pass the spawn checks, target: [ServerPlayer['Kratos991'/414, l='ServerLevel[world]', x=1274.26, y=111.56, z=-790.99]]
[20Aug2025 21:33:57.124] [Server thread/DEBUG] [de.cadentem.goat_man.GoatMan/]: Cave Dweller could not pass the spawn checks, target: [ServerPlayer['Kratos991'/414, l='ServerLevel[world]', x=1274.26, y=111.56, z=-790.99]]
[20Aug2025 21:33:57.674] [Server thread/DEBUG] [de.cadentem.goat_man.GoatMan/]: Cave Dweller could not pass the spawn checks, target: [ServerPlayer['Kratos991'/414, l='ServerLevel[world]', x=1274.26, y=111.56, z=-790.99]]
[20Aug2025 21:33:57.924] [Server thread/DEBUG] [de.cadentem.goat_man.GoatMan/]: Cave Dweller could not pass the spawn checks, target: [ServerPlayer['Kratos991'/414, l='ServerLevel[world]', x=1274.26, y=111.56, z=-790.99]]
[20Aug2025 21:33:58.675] [Server thread/DEBUG] [de.cadentem.goat_man.GoatMan/]: Cave Dweller could not pass the spawn checks, target: [ServerPlayer['Kratos991'/414, l='ServerLevel[world]', x=1274.26, y=111.56, z=-790.99]]
[20Aug2025 21:33:59.974] [Server thread/DEBUG] [de.cadentem.goat_man.GoatMan/]: Cave Dweller could not pass the spawn checks, target: [ServerPlayer['Kratos991'/414, l='ServerLevel[world]', x=1274.26, y=111.56, z=-790.99]]
[20Aug2025 21:34:03.824] [Server thread/DEBUG] [de.cadentem.goat_man.GoatMan/]: Cave Dweller could not pass the spawn checks, target: [ServerPlayer['Kratos991'/414, l='ServerLevel[world]', x=1274.26, y=111.56, z=-790.99]]
[20Aug2025 21:34:05.224] [Server thread/DEBUG] [de.cadentem.goat_man.GoatMan/]: Cave Dweller could not pass the spawn checks, target: [ServerPlayer['Kratos991'/414, l='ServerLevel[world]', x=1274.26, y=111.56, z=-790.99]]
[20Aug2025 21:34:06.475] [Server thread/DEBUG] [de.cadentem.goat_man.GoatMan/]: Cave Dweller could not pass the spawn checks, target: [ServerPlayer['Kratos991'/414, l='ServerLevel[world]', x=1274.26, y=111.56, z=-790.99]]
[20Aug2025 21:34:07.924] [Server thread/DEBUG] [de.cadentem.goat_man.GoatMan/]: Cave Dweller could not pass the spawn checks, target: [ServerPlayer['Kratos991'/414, l='ServerLevel[world]', x=1274.26, y=111.56, z=-790.99]]
[20Aug2025 21:34:08.174] [Server thread/DEBUG] [de.cadentem.goat_man.GoatMan/]: Cave Dweller could not pass the spawn checks, target: [ServerPlayer['Kratos991'/414, l='ServerLevel[world]', x=1274.26, y=111.56, z=-790.99]]
[20Aug2025 21:34:08.474] [Server thread/DEBUG] [de.cadentem.goat_man.GoatMan/]: Cave Dweller could not pass the spawn checks, target: [ServerPlayer['Kratos991'/414, l='ServerLevel[world]', x=1274.26, y=111.56, z=-790.99]]
[20Aug2025 21:34:08.624] [Server thread/DEBUG] [de.cadentem.goat_man.GoatMan/]: Cave Dweller could not pass the spawn checks, target: [ServerPlayer['Kratos991'/414, l='ServerLevel[world]', x=1274.26, y=111.56, z=-790.99]]
[20Aug2025 21:34:11.324] [Server thread/DEBUG] [de.cadentem.goat_man.GoatMan/]: Cave Dweller could not pass the spawn checks, target: [ServerPlayer['Kratos991'/414, l='ServerLevel[world]', x=1274.26, y=111.56, z=-790.99]]
[20Aug2025 21:34:12.524] [Server thread/DEBUG] [de.cadentem.goat_man.GoatMan/]: Cave Dweller could not pass the spawn checks, target: [ServerPlayer['Kratos991'/414, l='ServerLevel[world]', x=1274.26, y=111.56, z=-790.99]]
[20Aug2025 21:34:13.075] [Server thread/DEBUG] [de.cadentem.goat_man.GoatMan/]: Cave Dweller could not pass the spawn checks, target: [ServerPlayer['Kratos991'/414, l='ServerLevel[world]', x=1274.26, y=111.56, z=-790.99]]
[20Aug2025 21:34:15.125] [Server thread/DEBUG] [de.cadentem.goat_man.GoatMan/]: Cave Dweller could not pass the spawn checks, target: [ServerPlayer['Kratos991'/414, l='ServerLevel[world]', x=1274.26, y=111.56, z=-790.99]]
[20Aug2025 21:34:16.374] [Server thread/DEBUG] [de.cadentem.goat_man.GoatMan/]: Cave Dweller could not pass the spawn checks, target: [ServerPlayer['Kratos991'/414, l='ServerLevel[world]', x=1274.26, y=111.56, z=-790.99]]
[20Aug2025 21:34:16.625] [Server thread/DEBUG] [de.cadentem.goat_man.GoatMan/]: Cave Dweller could not pass the spawn checks, target: [ServerPlayer['Kratos991'/414, l='ServerLevel[world]', x=1274.26, y=111.56, z=-790.99]]
[20Aug2025 21:34:18.174] [Server thread/DEBUG] [de.cadentem.goat_man.GoatMan/]: Cave Dweller could not pass the spawn checks, target: [ServerPlayer['Kratos991'/414, l='ServerLevel[world]', x=1274.26, y=111.56, z=-790.99]]
[20Aug2025 21:34:18.474] [Server thread/DEBUG] [de.cadentem.goat_man.GoatMan/]: Cave Dweller could not pass the spawn checks, target: [ServerPlayer['Kratos991'/414, l='ServerLevel[world]', x=1274.26, y=111.56, z=-790.99]]
[20Aug2025 21:34:18.874] [Server thread/DEBUG] [de.cadentem.goat_man.GoatMan/]: Cave Dweller could not pass the spawn checks, target: [ServerPlayer['Kratos991'/414, l='ServerLevel[world]', x=1274.26, y=111.56, z=-790.99]]
[20Aug2025 21:34:20.724] [Server thread/DEBUG] [de.cadentem.goat_man.GoatMan/]: Cave Dweller could not pass the spawn checks, target: [ServerPlayer['Kratos991'/414, l='ServerLevel[world]', x=1274.26, y=111.56, z=-790.99]]
[20Aug2025 21:34:21.374] [Server thread/DEBUG] [de.cadentem.goat_man.GoatMan/]: Cave Dweller could not pass the spawn checks, target: [ServerPlayer['Kratos991'/414, l='ServerLevel[world]', x=1274.26, y=111.56, z=-790.99]]
[20Aug2025 21:35:20.146] [Server thread/DEBUG] [net.minecraftforge.common.ForgeHooks/WP]: Gathering id map for writing to world save world
[20Aug2025 21:35:20.157] [Server thread/DEBUG] [net.minecraftforge.common.ForgeHooks/WP]: ID Map collection complete world
[20Aug2025 21:40:20.148] [Server thread/DEBUG] [net.minecraftforge.common.ForgeHooks/WP]: Gathering id map for writing to world save world
[20Aug2025 21:40:20.176] [Server thread/DEBUG] [net.minecraftforge.common.ForgeHooks/WP]: ID Map collection complete world
[20Aug2025 21:45:20.144] [Server thread/DEBUG] [net.minecraftforge.common.ForgeHooks/WP]: Gathering id map for writing to world save world
[20Aug2025 21:45:20.150] [Server thread/DEBUG] [net.minecraftforge.common.ForgeHooks/WP]: ID Map collection complete world
[20Aug2025 21:46:57.974] [Server thread/DEBUG] [de.cadentem.goat_man.GoatMan/]: Cave Dweller could not pass the spawn checks, target: [ServerPlayer['Kratos991'/414, l='ServerLevel[world]', x=1254.53, y=110.00, z=-766.58]]
[20Aug2025 21:46:58.924] [Server thread/DEBUG] [de.cadentem.goat_man.GoatMan/]: Cave Dweller could not pass the spawn checks, target: [ServerPlayer['Kratos991'/414, l='ServerLevel[world]', x=1259.60, y=110.00, z=-767.88]]
[20Aug2025 21:47:04.074] [Server thread/DEBUG] [de.cadentem.goat_man.GoatMan/]: Cave Dweller could not pass the spawn checks, target: [ServerPlayer['Kratos991'/414, l='ServerLevel[world]', x=1262.44, y=109.00, z=-779.22]]
[20Aug2025 21:47:05.024] [Server thread/DEBUG] [de.cadentem.goat_man.GoatMan/]: Cave Dweller could not pass the spawn checks, target: [ServerPlayer['Kratos991'/414, l='ServerLevel[world]', x=1262.44, y=109.00, z=-779.22]]
[20Aug2025 21:47:05.224] [Server thread/DEBUG] [de.cadentem.goat_man.GoatMan/]: Cave Dweller could not pass the spawn checks, target: [ServerPlayer['Kratos991'/414, l='ServerLevel[world]', x=1262.44, y=109.00, z=-779.22]]
[20Aug2025 21:47:05.424] [Server thread/DEBUG] [de.cadentem.goat_man.GoatMan/]: Cave Dweller could not pass the spawn checks, target: [ServerPlayer['Kratos991'/414, l='ServerLevel[world]', x=1262.44, y=109.00, z=-779.22]]
[20Aug2025 21:47:05.974] [Server thread/DEBUG] [de.cadentem.goat_man.GoatMan/]: Cave Dweller could not pass the spawn checks, target: [ServerPlayer['Kratos991'/414, l='ServerLevel[world]', x=1262.44, y=109.00, z=-779.22]]
[20Aug2025 21:47:06.224] [Server thread/DEBUG] [de.cadentem.goat_man.GoatMan/]: Cave Dweller could not pass the spawn checks, target: [ServerPlayer['Kratos991'/414, l='ServerLevel[world]', x=1262.44, y=109.00, z=-779.22]]
[20Aug2025 21:47:07.224] [Server thread/DEBUG] [de.cadentem.goat_man.GoatMan/]: Cave Dweller could not pass the spawn checks, target: [ServerPlayer['Kratos991'/414, l='ServerLevel[world]', x=1262.44, y=109.00, z=-779.22]]
[20Aug2025 21:47:07.274] [Server thread/DEBUG] [de.cadentem.goat_man.GoatMan/]: Cave Dweller could not pass the spawn checks, target: [ServerPlayer['Kratos991'/414, l='ServerLevel[world]', x=1262.44, y=109.00, z=-779.22]]
[20Aug2025 21:47:10.324] [Server thread/DEBUG] [de.cadentem.goat_man.GoatMan/]: Cave Dweller could not pass the spawn checks, target: [ServerPlayer['Kratos991'/414, l='ServerLevel[world]', x=1262.44, y=109.00, z=-779.22]]
[20Aug2025 21:47:12.074] [Server thread/DEBUG] [de.cadentem.goat_man.GoatMan/]: Cave Dweller could not pass the spawn checks, target: [ServerPlayer['Kratos991'/414, l='ServerLevel[world]', x=1262.44, y=109.00, z=-779.22]]
[20Aug2025 21:47:14.231] [Server thread/DEBUG] [de.cadentem.goat_man.GoatMan/]: Cave Dweller could not pass the spawn checks, target: [ServerPlayer['Kratos991'/414, l='ServerLevel[world]', x=1262.44, y=109.00, z=-779.22]]
[20Aug2025 21:47:14.524] [Server thread/DEBUG] [de.cadentem.goat_man.GoatMan/]: Cave Dweller could not pass the spawn checks, target: [ServerPlayer['Kratos991'/414, l='ServerLevel[world]', x=1262.44, y=109.00, z=-779.22]]
[20Aug2025 21:47:14.825] [Server thread/DEBUG] [de.cadentem.goat_man.GoatMan/]: Cave Dweller could not pass the spawn checks, target: [ServerPlayer['Kratos991'/414, l='ServerLevel[world]', x=1262.44, y=109.00, z=-779.22]]
[20Aug2025 21:47:16.424] [Server thread/DEBUG] [de.cadentem.goat_man.GoatMan/]: Cave Dweller could not pass the spawn checks, target: [ServerPlayer['Kratos991'/414, l='ServerLevel[world]', x=1262.44, y=109.00, z=-779.22]]
[20Aug2025 21:47:16.924] [Server thread/DEBUG] [de.cadentem.goat_man.GoatMan/]: Cave Dweller could not pass the spawn checks, target: [ServerPlayer['Kratos991'/414, l='ServerLevel[world]', x=1262.44, y=109.00, z=-779.22]]
[20Aug2025 21:47:21.374] [Server thread/DEBUG] [de.cadentem.goat_man.GoatMan/]: Cave Dweller could not pass the spawn checks, target: [ServerPlayer['Kratos991'/414, l='ServerLevel[world]', x=1262.44, y=109.00, z=-779.22]]
[20Aug2025 21:47:22.224] [Server thread/DEBUG] [de.cadentem.goat_man.GoatMan/]: Cave Dweller could not pass the spawn checks, target: [ServerPlayer['Kratos991'/414, l='ServerLevel[world]', x=1262.44, y=109.00, z=-779.22]]
[20Aug2025 21:47:22.974] [Server thread/DEBUG] [de.cadentem.goat_man.GoatMan/]: Cave Dweller could not pass the spawn checks, target: [ServerPlayer['Kratos991'/414, l='ServerLevel[world]', x=1262.44, y=109.00, z=-779.22]]
[20Aug2025 21:47:23.924] [Server thread/DEBUG] [de.cadentem.goat_man.GoatMan/]: Cave Dweller could not pass the spawn checks, target: [ServerPlayer['Kratos991'/414, l='ServerLevel[world]', x=1262.44, y=109.00, z=-779.22]]
[20Aug2025 21:47:24.174] [Server thread/DEBUG] [de.cadentem.goat_man.GoatMan/]: Cave Dweller could not pass the spawn checks, target: [ServerPlayer['Kratos991'/414, l='ServerLevel[world]', x=1262.44, y=109.00, z=-779.22]]
[20Aug2025 21:47:25.174] [Server thread/DEBUG] [de.cadentem.goat_man.GoatMan/]: Cave Dweller could not pass the spawn checks, target: [ServerPlayer['Kratos991'/414, l='ServerLevel[world]', x=1262.44, y=109.00, z=-779.22]]
[20Aug2025 21:47:25.674] [Server thread/DEBUG] [de.cadentem.goat_man.GoatMan/]: Cave Dweller could not pass the spawn checks, target: [ServerPlayer['Kratos991'/414, l='ServerLevel[world]', x=1262.44, y=109.00, z=-779.22]]
[20Aug2025 21:47:27.524] [Server thread/DEBUG] [de.cadentem.goat_man.GoatMan/]: Cave Dweller could not pass the spawn checks, target: [ServerPlayer['Kratos991'/414, l='ServerLevel[world]', x=1262.44, y=109.00, z=-779.22]]
[20Aug2025 21:47:30.874] [Server thread/DEBUG] [de.cadentem.goat_man.GoatMan/]: Cave Dweller could not pass the spawn checks, target: [ServerPlayer['Kratos991'/414, l='ServerLevel[world]', x=1262.44, y=109.00, z=-779.22]]
[20Aug2025 21:47:31.274] [Server thread/DEBUG] [de.cadentem.goat_man.GoatMan/]: Cave Dweller could not pass the spawn checks, target: [ServerPlayer['Kratos991'/414, l='ServerLevel[world]', x=1262.44, y=109.00, z=-779.22]]
[20Aug2025 21:47:31.375] [Server thread/DEBUG] [de.cadentem.goat_man.GoatMan/]: Cave Dweller could not pass the spawn checks, target: [ServerPlayer['Kratos991'/414, l='ServerLevel[world]', x=1262.44, y=109.00, z=-779.22]]
[20Aug2025 21:47:32.224] [Server thread/DEBUG] [de.cadentem.goat_man.GoatMan/]: Cave Dweller could not pass the spawn checks, target: [ServerPlayer['Kratos991'/414, l='ServerLevel[world]', x=1262.44, y=109.00, z=-779.22]]
[20Aug2025 21:47:32.474] [Server thread/DEBUG] [de.cadentem.goat_man.GoatMan/]: Cave Dweller could not pass the spawn checks, target: [ServerPlayer['Kratos991'/414, l='ServerLevel[world]', x=1262.44, y=109.00, z=-779.22]]
[20Aug2025 21:47:34.174] [Server thread/DEBUG] [de.cadentem.goat_man.GoatMan/]: Cave Dweller could not pass the spawn checks, target: [ServerPlayer['Kratos991'/414, l='ServerLevel[world]', x=1262.44, y=109.00, z=-779.22]]
[20Aug2025 21:47:34.474] [Server thread/DEBUG] [de.cadentem.goat_man.GoatMan/]: Cave Dweller could not pass the spawn checks, target: [ServerPlayer['Kratos991'/414, l='ServerLevel[world]', x=1262.44, y=109.00, z=-779.22]]
[20Aug2025 21:47:35.124] [Server thread/DEBUG] [de.cadentem.goat_man.GoatMan/]: Cave Dweller could not pass the spawn checks, target: [ServerPlayer['Kratos991'/414, l='ServerLevel[world]', x=1262.44, y=109.00, z=-779.22]]
[20Aug2025 21:47:36.074] [Server thread/DEBUG] [de.cadentem.goat_man.GoatMan/]: Cave Dweller could not pass the spawn checks, target: [ServerPlayer['Kratos991'/414, l='ServerLevel[world]', x=1262.44, y=109.00, z=-779.22]]
[20Aug2025 21:50:20.143] [Server thread/DEBUG] [net.minecraftforge.common.ForgeHooks/WP]: Gathering id map for writing to world save world
[20Aug2025 21:50:20.151] [Server thread/DEBUG] [net.minecraftforge.common.ForgeHooks/WP]: ID Map collection complete world
[20Aug2025 21:50:27.974] [Server thread/DEBUG] [de.cadentem.goat_man.GoatMan/]: Cave Dweller could not pass the spawn checks, target: [ServerPlayer['Kratos991'/414, l='ServerLevel[world]', x=1262.44, y=109.00, z=-779.22]]
[20Aug2025 21:50:28.524] [Server thread/DEBUG] [de.cadentem.goat_man.GoatMan/]: Cave Dweller could not pass the spawn checks, target: [ServerPlayer['Kratos991'/414, l='ServerLevel[world]', x=1262.44, y=109.00, z=-779.22]]
[20Aug2025 21:50:31.074] [Server thread/DEBUG] [de.cadentem.goat_man.GoatMan/]: Cave Dweller could not pass the spawn checks, target: [ServerPlayer['Kratos991'/414, l='ServerLevel[world]', x=1262.44, y=109.00, z=-779.22]]
[20Aug2025 21:50:32.924] [Server thread/DEBUG] [de.cadentem.goat_man.GoatMan/]: Cave Dweller could not pass the spawn checks, target: [ServerPlayer['Kratos991'/414, l='ServerLevel[world]', x=1262.44, y=109.00, z=-779.22]]
[20Aug2025 21:50:36.474] [Server thread/DEBUG] [de.cadentem.goat_man.GoatMan/]: Cave Dweller could not pass the spawn checks, target: [ServerPlayer['Kratos991'/414, l='ServerLevel[world]', x=1262.44, y=109.00, z=-779.22]]
[20Aug2025 21:50:36.624] [Server thread/DEBUG] [de.cadentem.goat_man.GoatMan/]: Cave Dweller could not pass the spawn checks, target: [ServerPlayer['Kratos991'/414, l='ServerLevel[world]', x=1262.44, y=109.00, z=-779.22]]
[20Aug2025 21:50:39.624] [Server thread/DEBUG] [de.cadentem.goat_man.GoatMan/]: Cave Dweller could not pass the spawn checks, target: [ServerPlayer['Kratos991'/414, l='ServerLevel[world]', x=1262.44, y=109.00, z=-779.22]]
[20Aug2025 21:50:40.124] [Server thread/DEBUG] [de.cadentem.goat_man.GoatMan/]: Cave Dweller could not pass the spawn checks, target: [ServerPlayer['Kratos991'/414, l='ServerLevel[world]', x=1262.44, y=109.00, z=-779.22]]
[20Aug2025 21:50:40.824] [Server thread/DEBUG] [de.cadentem.goat_man.GoatMan/]: Cave Dweller could not pass the spawn checks, target: [ServerPlayer['Kratos991'/414, l='ServerLevel[world]', x=1262.44, y=109.00, z=-779.22]]
[20Aug2025 21:50:41.574] [Server thread/DEBUG] [de.cadentem.goat_man.GoatMan/]: Cave Dweller could not pass the spawn checks, target: [ServerPlayer['Kratos991'/414, l='ServerLevel[world]', x=1262.44, y=109.00, z=-779.22]]
[20Aug2025 21:50:41.724] [Server thread/DEBUG] [de.cadentem.goat_man.GoatMan/]: Cave Dweller could not pass the spawn checks, target: [ServerPlayer['Kratos991'/414, l='ServerLevel[world]', x=1262.44, y=109.00, z=-779.22]]
[20Aug2025 21:50:43.274] [Server thread/DEBUG] [de.cadentem.goat_man.GoatMan/]: Cave Dweller could not pass the spawn checks, target: [ServerPlayer['Kratos991'/414, l='ServerLevel[world]', x=1262.44, y=109.00, z=-779.22]]
[20Aug2025 21:50:44.224] [Server thread/DEBUG] [de.cadentem.goat_man.GoatMan/]: Cave Dweller could not pass the spawn checks, target: [ServerPlayer['Kratos991'/414, l='ServerLevel[world]', x=1262.44, y=109.00, z=-779.22]]
[20Aug2025 21:50:44.774] [Server thread/DEBUG] [de.cadentem.goat_man.GoatMan/]: Cave Dweller could not pass the spawn checks, target: [ServerPlayer['Kratos991'/414, l='ServerLevel[world]', x=1262.44, y=109.00, z=-779.22]]
[20Aug2025 21:50:46.624] [Server thread/DEBUG] [de.cadentem.goat_man.GoatMan/]: Cave Dweller could not pass the spawn checks, target: [ServerPlayer['Kratos991'/414, l='ServerLevel[world]', x=1262.44, y=109.00, z=-779.22]]
[20Aug2025 21:50:47.575] [Server thread/DEBUG] [de.cadentem.goat_man.GoatMan/]: Cave Dweller could not pass the spawn checks, target: [ServerPlayer['Kratos991'/414, l='ServerLevel[world]', x=1262.44, y=109.00, z=-779.22]]
[20Aug2025 21:50:47.774] [Server thread/DEBUG] [de.cadentem.goat_man.GoatMan/]: Cave Dweller could not pass the spawn checks, target: [ServerPlayer['Kratos991'/414, l='ServerLevel[world]', x=1262.44, y=109.00, z=-779.22]]
[20Aug2025 21:50:47.874] [Server thread/DEBUG] [de.cadentem.goat_man.GoatMan/]: Cave Dweller could not pass the spawn checks, target: [ServerPlayer['Kratos991'/414, l='ServerLevel[world]', x=1262.44, y=109.00, z=-779.22]]
[20Aug2025 21:50:50.624] [Server thread/DEBUG] [de.cadentem.goat_man.GoatMan/]: Cave Dweller could not pass the spawn checks, target: [ServerPlayer['Kratos991'/414, l='ServerLevel[world]', x=1262.44, y=109.00, z=-779.22]]
[20Aug2025 21:50:52.324] [Server thread/DEBUG] [de.cadentem.goat_man.GoatMan/]: Cave Dweller could not pass the spawn checks, target: [ServerPlayer['Kratos991'/414, l='ServerLevel[world]', x=1262.44, y=109.00, z=-779.22]]
[20Aug2025 21:50:52.424] [Server thread/DEBUG] [de.cadentem.goat_man.GoatMan/]: Cave Dweller could not pass the spawn checks, target: [ServerPlayer['Kratos991'/414, l='ServerLevel[world]', x=1262.44, y=109.00, z=-779.22]]
[20Aug2025 21:50:53.424] [Server thread/DEBUG] [de.cadentem.goat_man.GoatMan/]: Cave Dweller could not pass the spawn checks, target: [ServerPlayer['Kratos991'/414, l='ServerLevel[world]', x=1262.44, y=109.00, z=-779.22]]
[20Aug2025 21:50:55.774] [Server thread/DEBUG] [de.cadentem.goat_man.GoatMan/]: Cave Dweller could not pass the spawn checks, target: [ServerPlayer['Kratos991'/414, l='ServerLevel[world]', x=1262.44, y=109.00, z=-779.22]]
[20Aug2025 21:50:56.674] [Server thread/DEBUG] [de.cadentem.goat_man.GoatMan/]: Cave Dweller could not pass the spawn checks, target: [ServerPlayer['Kratos991'/414, l='ServerLevel[world]', x=1262.44, y=109.00, z=-779.22]]
[20Aug2025 21:50:56.824] [Server thread/DEBUG] [de.cadentem.goat_man.GoatMan/]: Cave Dweller could not pass the spawn checks, target: [ServerPlayer['Kratos991'/414, l='ServerLevel[world]', x=1262.44, y=109.00, z=-779.22]]
[20Aug2025 21:50:58.024] [Server thread/DEBUG] [de.cadentem.goat_man.GoatMan/]: Cave Dweller could not pass the spawn checks, target: [ServerPlayer['Kratos991'/414, l='ServerLevel[world]', x=1262.44, y=109.00, z=-779.22]]
[20Aug2025 21:50:58.224] [Server thread/DEBUG] [de.cadentem.goat_man.GoatMan/]: Cave Dweller could not pass the spawn checks, target: [ServerPlayer['Kratos991'/414, l='ServerLevel[world]', x=1262.44, y=109.00, z=-779.22]]
[20Aug2025 21:51:00.524] [Server thread/DEBUG] [de.cadentem.goat_man.GoatMan/]: Cave Dweller could not pass the spawn checks, target: [ServerPlayer['Kratos991'/414, l='ServerLevel[world]', x=1262.44, y=109.00, z=-779.22]]
[20Aug2025 21:51:00.574] [Server thread/DEBUG] [de.cadentem.goat_man.GoatMan/]: Cave Dweller could not pass the spawn checks, target: [ServerPlayer['Kratos991'/414, l='ServerLevel[world]', x=1262.44, y=109.00, z=-779.22]]
[20Aug2025 21:51:01.124] [Server thread/DEBUG] [de.cadentem.goat_man.GoatMan/]: Cave Dweller could not pass the spawn checks, target: [ServerPlayer['Kratos991'/414, l='ServerLevel[world]', x=1262.44, y=109.00, z=-779.22]]
[20Aug2025 21:51:02.424] [Server thread/DEBUG] [de.cadentem.goat_man.GoatMan/]: Cave Dweller could not pass the spawn checks, target: [ServerPlayer['Kratos991'/414, l='ServerLevel[world]', x=1262.44, y=109.00, z=-779.22]]
[20Aug2025 21:51:02.874] [Server thread/DEBUG] [de.cadentem.goat_man.GoatMan/]: Cave Dweller could not pass the spawn checks, target: [ServerPlayer['Kratos991'/414, l='ServerLevel[world]', x=1262.44, y=109.00, z=-779.22]]
[20Aug2025 21:51:03.324] [Server thread/DEBUG] [de.cadentem.goat_man.GoatMan/]: Cave Dweller could not pass the spawn checks, target: [ServerPlayer['Kratos991'/414, l='ServerLevel[world]', x=1262.44, y=109.00, z=-779.22]]
[20Aug2025 21:51:03.624] [Server thread/DEBUG] [de.cadentem.goat_man.GoatMan/]: Cave Dweller could not pass the spawn checks, target: [ServerPlayer['Kratos991'/414, l='ServerLevel[world]', x=1262.44, y=109.00, z=-779.22]]
[20Aug2025 21:51:03.824] [Server thread/DEBUG] [de.cadentem.goat_man.GoatMan/]: Cave Dweller could not pass the spawn checks, target: [ServerPlayer['Kratos991'/414, l='ServerLevel[world]', x=1262.44, y=109.00, z=-779.22]]
[20Aug2025 21:51:04.624] [Server thread/DEBUG] [de.cadentem.goat_man.GoatMan/]: Cave Dweller could not pass the spawn checks, target: [ServerPlayer['Kratos991'/414, l='ServerLevel[world]', x=1262.44, y=109.00, z=-779.22]]
[20Aug2025 21:51:05.574] [Server thread/DEBUG] [de.cadentem.goat_man.GoatMan/]: Cave Dweller could not pass the spawn checks, target: [ServerPlayer['Kratos991'/414, l='ServerLevel[world]', x=1262.44, y=109.00, z=-779.22]]
[20Aug2025 21:51:05.774] [Server thread/DEBUG] [de.cadentem.goat_man.GoatMan/]: Cave Dweller could not pass the spawn checks, target: [ServerPlayer['Kratos991'/414, l='ServerLevel[world]', x=1262.44, y=109.00, z=-779.22]]
[20Aug2025 21:51:08.624] [Server thread/DEBUG] [de.cadentem.goat_man.GoatMan/]: Cave Dweller could not pass the spawn checks, target: [ServerPlayer['Kratos991'/414, l='ServerLevel[world]', x=1262.44, y=109.00, z=-779.22]]
[20Aug2025 21:51:09.474] [Server thread/DEBUG] [de.cadentem.goat_man.GoatMan/]: Cave Dweller could not pass the spawn checks, target: [ServerPlayer['Kratos991'/414, l='ServerLevel[world]', x=1262.44, y=109.00, z=-779.22]]
[20Aug2025 21:51:10.074] [Server thread/DEBUG] [de.cadentem.goat_man.GoatMan/]: Cave Dweller could not pass the spawn checks, target: [ServerPlayer['Kratos991'/414, l='ServerLevel[world]', x=1262.44, y=109.00, z=-779.22]]
[20Aug2025 21:51:12.274] [Server thread/DEBUG] [de.cadentem.goat_man.GoatMan/]: Cave Dweller could not pass the spawn checks, target: [ServerPlayer['Kratos991'/414, l='ServerLevel[world]', x=1262.44, y=109.00, z=-779.22]]
[20Aug2025 21:51:13.224] [Server thread/DEBUG] [de.cadentem.goat_man.GoatMan/]: Cave Dweller could not pass the spawn checks, target: [ServerPlayer['Kratos991'/414, l='ServerLevel[world]', x=1262.44, y=109.00, z=-779.22]]
[20Aug2025 21:51:13.324] [Server thread/DEBUG] [de.cadentem.goat_man.GoatMan/]: Cave Dweller could not pass the spawn checks, target: [ServerPlayer['Kratos991'/414, l='ServerLevel[world]', x=1262.44, y=109.00, z=-779.22]]
[20Aug2025 21:51:15.274] [Server thread/DEBUG] [de.cadentem.goat_man.GoatMan/]: Cave Dweller could not pass the spawn checks, target: [ServerPlayer['Kratos991'/414, l='ServerLevel[world]', x=1262.44, y=109.00, z=-779.22]]
[20Aug2025 21:51:18.124] [Server thread/DEBUG] [de.cadentem.goat_man.GoatMan/]: Cave Dweller could not pass the spawn checks, target: [ServerPlayer['Kratos991'/414, l='ServerLevel[world]', x=1262.44, y=109.00, z=-779.22]]
[20Aug2025 21:51:19.674] [Server thread/DEBUG] [de.cadentem.goat_man.GoatMan/]: Cave Dweller could not pass the spawn checks, target: [ServerPlayer['Kratos991'/414, l='ServerLevel[world]', x=1262.44, y=109.00, z=-779.22]]
[20Aug2025 21:51:20.424] [Server thread/DEBUG] [de.cadentem.goat_man.GoatMan/]: Cave Dweller could not pass the spawn checks, target: [ServerPlayer['Kratos991'/414, l='ServerLevel[world]', x=1262.44, y=109.00, z=-779.22]]
[20Aug2025 21:51:22.874] [Server thread/DEBUG] [de.cadentem.goat_man.GoatMan/]: Cave Dweller could not pass the spawn checks, target: [ServerPlayer['Kratos991'/414, l='ServerLevel[world]', x=1262.44, y=109.00, z=-779.22]]
[20Aug2025 21:51:23.424] [Server thread/DEBUG] [de.cadentem.goat_man.GoatMan/]: Cave Dweller could not pass the spawn checks, target: [ServerPlayer['Kratos991'/414, l='ServerLevel[world]', x=1262.44, y=109.00, z=-779.22]]
[20Aug2025 21:51:23.924] [Server thread/DEBUG] [de.cadentem.goat_man.GoatMan/]: Cave Dweller could not pass the spawn checks, target: [ServerPlayer['Kratos991'/414, l='ServerLevel[world]', x=1262.44, y=109.00, z=-779.22]]
[20Aug2025 21:51:24.524] [Server thread/DEBUG] [de.cadentem.goat_man.GoatMan/]: Cave Dweller could not pass the spawn checks, target: [ServerPlayer['Kratos991'/414, l='ServerLevel[world]', x=1262.44, y=109.00, z=-779.22]]
[20Aug2025 21:51:25.024] [Server thread/DEBUG] [de.cadentem.goat_man.GoatMan/]: Cave Dweller could not pass the spawn checks, target: [ServerPlayer['Kratos991'/414, l='ServerLevel[world]', x=1262.44, y=109.00, z=-779.22]]
[20Aug2025 21:51:26.425] [Server thread/DEBUG] [de.cadentem.goat_man.GoatMan/]: Cave Dweller could not pass the spawn checks, target: [ServerPlayer['Kratos991'/414, l='ServerLevel[world]', x=1262.44, y=109.00, z=-779.22]]
[20Aug2025 21:51:27.224] [Server thread/DEBUG] [de.cadentem.goat_man.GoatMan/]: Cave Dweller could not pass the spawn checks, target: [ServerPlayer['Kratos991'/414, l='ServerLevel[world]', x=1262.44, y=109.00, z=-779.22]]
[20Aug2025 21:51:27.474] [Server thread/DEBUG] [de.cadentem.goat_man.GoatMan/]: Cave Dweller could not pass the spawn checks, target: [ServerPlayer['Kratos991'/414, l='ServerLevel[world]', x=1262.44, y=109.00, z=-779.22]]
[20Aug2025 21:51:27.724] [Server thread/DEBUG] [de.cadentem.goat_man.GoatMan/]: Cave Dweller could not pass the spawn checks, target: [ServerPlayer['Kratos991'/414, l='ServerLevel[world]', x=1262.44, y=109.00, z=-779.22]]
[20Aug2025 21:51:28.424] [Server thread/DEBUG] [de.cadentem.goat_man.GoatMan/]: Cave Dweller could not pass the spawn checks, target: [ServerPlayer['Kratos991'/414, l='ServerLevel[world]', x=1262.44, y=109.00, z=-779.22]]
[20Aug2025 21:51:29.174] [Server thread/DEBUG] [de.cadentem.goat_man.GoatMan/]: Cave Dweller could not pass the spawn checks, target: [ServerPlayer['Kratos991'/414, l='ServerLevel[world]', x=1262.44, y=109.00, z=-779.22]]
[20Aug2025 21:51:29.674] [Server thread/DEBUG] [de.cadentem.goat_man.GoatMan/]: Cave Dweller could not pass the spawn checks, target: [ServerPlayer['Kratos991'/414, l='ServerLevel[world]', x=1262.44, y=109.00, z=-779.22]]
[20Aug2025 21:51:31.924] [Server thread/DEBUG] [de.cadentem.goat_man.GoatMan/]: Cave Dweller could not pass the spawn checks, target: [ServerPlayer['Kratos991'/414, l='ServerLevel[world]', x=1262.44, y=109.00, z=-779.22]]
[20Aug2025 21:51:32.674] [Server thread/DEBUG] [de.cadentem.goat_man.GoatMan/]: Cave Dweller could not pass the spawn checks, target: [ServerPlayer['Kratos991'/414, l='ServerLevel[world]', x=1262.44, y=109.00, z=-779.22]]
[20Aug2025 21:51:36.024] [Server thread/DEBUG] [de.cadentem.goat_man.GoatMan/]: Cave Dweller could not pass the spawn checks, target: [ServerPlayer['Kratos991'/414, l='ServerLevel[world]', x=1262.44, y=109.00, z=-779.22]]
[20Aug2025 21:51:36.674] [Server thread/DEBUG] [de.cadentem.goat_man.GoatMan/]: Cave Dweller could not pass the spawn checks, target: [ServerPlayer['Kratos991'/414, l='ServerLevel[world]', x=1262.44, y=109.00, z=-779.22]]
[20Aug2025 21:51:37.024] [Server thread/DEBUG] [de.cadentem.goat_man.GoatMan/]: Cave Dweller could not pass the spawn checks, target: [ServerPlayer['Kratos991'/414, l='ServerLevel[world]', x=1262.44, y=109.00, z=-779.22]]
[20Aug2025 21:51:37.774] [Server thread/DEBUG] [de.cadentem.goat_man.GoatMan/]: Cave Dweller could not pass the spawn checks, target: [ServerPlayer['Kratos991'/414, l='ServerLevel[world]', x=1262.44, y=109.00, z=-779.22]]
[20Aug2025 21:51:38.424] [Server thread/DEBUG] [de.cadentem.goat_man.GoatMan/]: Cave Dweller could not pass the spawn checks, target: [ServerPlayer['Kratos991'/414, l='ServerLevel[world]', x=1262.44, y=109.00, z=-779.22]]
[20Aug2025 21:51:39.724] [Server thread/DEBUG] [de.cadentem.goat_man.GoatMan/]: Cave Dweller could not pass the spawn checks, target: [ServerPlayer['Kratos991'/414, l='ServerLevel[world]', x=1262.44, y=109.00, z=-779.22]]
[20Aug2025 21:51:40.524] [Server thread/DEBUG] [de.cadentem.goat_man.GoatMan/]: Cave Dweller could not pass the spawn checks, target: [ServerPlayer['Kratos991'/414, l='ServerLevel[world]', x=1262.44, y=109.00, z=-779.22]]
[20Aug2025 21:51:41.474] [Server thread/DEBUG] [de.cadentem.goat_man.GoatMan/]: Cave Dweller could not pass the spawn checks, target: [ServerPlayer['Kratos991'/414, l='ServerLevel[world]', x=1262.44, y=109.00, z=-779.22]]
[20Aug2025 21:51:42.074] [Server thread/DEBUG] [de.cadentem.goat_man.GoatMan/]: Cave Dweller could not pass the spawn checks, target: [ServerPlayer['Kratos991'/414, l='ServerLevel[world]', x=1262.44, y=109.00, z=-779.22]]
[20Aug2025 21:51:42.274] [Server thread/DEBUG] [de.cadentem.goat_man.GoatMan/]: Cave Dweller could not pass the spawn checks, target: [ServerPlayer['Kratos991'/414, l='ServerLevel[world]', x=1262.44, y=109.00, z=-779.22]]
[20Aug2025 21:51:44.124] [Server thread/DEBUG] [de.cadentem.goat_man.GoatMan/]: Cave Dweller could not pass the spawn checks, target: [ServerPlayer['Kratos991'/414, l='ServerLevel[world]', x=1262.44, y=109.00, z=-779.22]]
[20Aug2025 21:51:44.325] [Server thread/DEBUG] [de.cadentem.goat_man.GoatMan/]: Cave Dweller could not pass the spawn checks, target: [ServerPlayer['Kratos991'/414, l='ServerLevel[world]', x=1262.44, y=109.00, z=-779.22]]
[20Aug2025 21:51:44.374] [Server thread/DEBUG] [de.cadentem.goat_man.GoatMan/]: Cave Dweller could not pass the spawn checks, target: [ServerPlayer['Kratos991'/414, l='ServerLevel[world]', x=1262.44, y=109.00, z=-779.22]]
[20Aug2025 21:51:47.824] [Server thread/DEBUG] [de.cadentem.goat_man.GoatMan/]: Cave Dweller could not pass the spawn checks, target: [ServerPlayer['Kratos991'/414, l='ServerLevel[world]', x=1262.44, y=109.00, z=-779.22]]
[20Aug2025 21:51:50.274] [Server thread/DEBUG] [de.cadentem.goat_man.GoatMan/]: Cave Dweller could not pass the spawn checks, target: [ServerPlayer['Kratos991'/414, l='ServerLevel[world]', x=1262.44, y=109.00, z=-779.22]]
[20Aug2025 21:51:50.374] [Server thread/DEBUG] [de.cadentem.goat_man.GoatMan/]: Cave Dweller could not pass the spawn checks, target: [ServerPlayer['Kratos991'/414, l='ServerLevel[world]', x=1262.44, y=109.00, z=-779.22]]
[20Aug2025 21:51:52.124] [Server thread/DEBUG] [de.cadentem.goat_man.GoatMan/]: Cave Dweller could not pass the spawn checks, target: [ServerPlayer['Kratos991'/414, l='ServerLevel[world]', x=1262.44, y=109.00, z=-779.22]]
[20Aug2025 21:51:52.624] [Server thread/DEBUG] [de.cadentem.goat_man.GoatMan/]: Cave Dweller could not pass the spawn checks, target: [ServerPlayer['Kratos991'/414, l='ServerLevel[world]', x=1262.44, y=109.00, z=-779.22]]
[20Aug2025 21:51:56.724] [Server thread/DEBUG] [de.cadentem.goat_man.GoatMan/]: Cave Dweller could not pass the spawn checks, target: [ServerPlayer['Kratos991'/414, l='ServerLevel[world]', x=1262.44, y=109.00, z=-779.22]]
[20Aug2025 21:51:57.224] [Server thread/DEBUG] [de.cadentem.goat_man.GoatMan/]: Cave Dweller could not pass the spawn checks, target: [ServerPlayer['Kratos991'/414, l='ServerLevel[world]', x=1262.44, y=109.00, z=-779.22]]
[20Aug2025 21:51:57.374] [Server thread/DEBUG] [de.cadentem.goat_man.GoatMan/]: Cave Dweller could not pass the spawn checks, target: [ServerPlayer['Kratos991'/414, l='ServerLevel[world]', x=1262.44, y=109.00, z=-779.22]]
[20Aug2025 21:51:58.075] [Server thread/DEBUG] [de.cadentem.goat_man.GoatMan/]: Cave Dweller could not pass the spawn checks, target: [ServerPlayer['Kratos991'/414, l='ServerLevel[world]', x=1262.44, y=109.00, z=-779.22]]
[20Aug2025 21:51:58.724] [Server thread/DEBUG] [de.cadentem.goat_man.GoatMan/]: Cave Dweller could not pass the spawn checks, target: [ServerPlayer['Kratos991'/414, l='ServerLevel[world]', x=1262.44, y=109.00, z=-779.22]]
[20Aug2025 21:52:00.174] [Server thread/DEBUG] [de.cadentem.goat_man.GoatMan/]: Cave Dweller could not pass the spawn checks, target: [ServerPlayer['Kratos991'/414, l='ServerLevel[world]', x=1262.44, y=109.00, z=-779.22]]
[20Aug2025 21:52:01.224] [Server thread/DEBUG] [de.cadentem.goat_man.GoatMan/]: Cave Dweller could not pass the spawn checks, target: [ServerPlayer['Kratos991'/414, l='ServerLevel[world]', x=1262.44, y=109.00, z=-779.22]]
[20Aug2025 21:52:03.124] [Server thread/DEBUG] [de.cadentem.goat_man.GoatMan/]: Cave Dweller could not pass the spawn checks, target: [ServerPlayer['Kratos991'/414, l='ServerLevel[world]', x=1262.44, y=109.00, z=-779.22]]
[20Aug2025 21:52:04.524] [Server thread/DEBUG] [de.cadentem.goat_man.GoatMan/]: Cave Dweller could not pass the spawn checks, target: [ServerPlayer['Kratos991'/414, l='ServerLevel[world]', x=1262.44, y=109.00, z=-779.22]]
[20Aug2025 21:52:05.074] [Server thread/DEBUG] [de.cadentem.goat_man.GoatMan/]: Cave Dweller could not pass the spawn checks, target: [ServerPlayer['Kratos991'/414, l='ServerLevel[world]', x=1262.44, y=109.00, z=-779.22]]
[20Aug2025 21:52:05.724] [Server thread/DEBUG] [de.cadentem.goat_man.GoatMan/]: Cave Dweller could not pass the spawn checks, target: [ServerPlayer['Kratos991'/414, l='ServerLevel[world]', x=1262.44, y=109.00, z=-779.22]]
[20Aug2025 21:52:06.424] [Server thread/DEBUG] [de.cadentem.goat_man.GoatMan/]: Cave Dweller could not pass the spawn checks, target: [ServerPlayer['Kratos991'/414, l='ServerLevel[world]', x=1262.44, y=109.00, z=-779.22]]
[20Aug2025 21:52:08.024] [Server thread/DEBUG] [de.cadentem.goat_man.GoatMan/]: Cave Dweller could not pass the spawn checks, target: [ServerPlayer['Kratos991'/414, l='ServerLevel[world]', x=1262.44, y=109.00, z=-779.22]]
[20Aug2025 21:52:08.175] [Server thread/DEBUG] [de.cadentem.goat_man.GoatMan/]: Cave Dweller could not pass the spawn checks, target: [ServerPlayer['Kratos991'/414, l='ServerLevel[world]', x=1262.44, y=109.00, z=-779.22]]
[20Aug2025 21:52:08.524] [Server thread/DEBUG] [de.cadentem.goat_man.GoatMan/]: Cave Dweller could not pass the spawn checks, target: [ServerPlayer['Kratos991'/414, l='ServerLevel[world]', x=1262.44, y=109.00, z=-779.22]]
[20Aug2025 21:52:08.975] [Server thread/DEBUG] [de.cadentem.goat_man.GoatMan/]: Cave Dweller could not pass the spawn checks, target: [ServerPlayer['Kratos991'/414, l='ServerLevel[world]', x=1262.44, y=109.00, z=-779.22]]
[20Aug2025 21:52:09.225] [Server thread/DEBUG] [de.cadentem.goat_man.GoatMan/]: Cave Dweller could not pass the spawn checks, target: [ServerPlayer['Kratos991'/414, l='ServerLevel[world]', x=1262.44, y=109.00, z=-779.22]]
[20Aug2025 21:52:10.074] [Server thread/DEBUG] [de.cadentem.goat_man.GoatMan/]: Cave Dweller could not pass the spawn checks, target: [ServerPlayer['Kratos991'/414, l='ServerLevel[world]', x=1262.44, y=109.00, z=-779.22]]
[20Aug2025 21:52:10.324] [Server thread/DEBUG] [de.cadentem.goat_man.GoatMan/]: Cave Dweller could not pass the spawn checks, target: [ServerPlayer['Kratos991'/414, l='ServerLevel[world]', x=1262.44, y=109.00, z=-779.22]]
[20Aug2025 21:52:10.524] [Server thread/DEBUG] [de.cadentem.goat_man.GoatMan/]: Cave Dweller could not pass the spawn checks, target: [ServerPlayer['Kratos991'/414, l='ServerLevel[world]', x=1262.44, y=109.00, z=-779.22]]
[20Aug2025 21:52:11.424] [Server thread/DEBUG] [de.cadentem.goat_man.GoatMan/]: Cave Dweller could not pass the spawn checks, target: [ServerPlayer['Kratos991'/414, l='ServerLevel[world]', x=1262.44, y=109.00, z=-779.22]]
[20Aug2025 21:52:11.974] [Server thread/DEBUG] [de.cadentem.goat_man.GoatMan/]: Cave Dweller could not pass the spawn checks, target: [ServerPlayer['Kratos991'/414, l='ServerLevel[world]', x=1262.44, y=109.00, z=-779.22]]
[20Aug2025 21:52:12.774] [Server thread/DEBUG] [de.cadentem.goat_man.GoatMan/]: Cave Dweller could not pass the spawn checks, target: [ServerPlayer['Kratos991'/414, l='ServerLevel[world]', x=1262.44, y=109.00, z=-779.22]]
[20Aug2025 21:52:13.274] [Server thread/DEBUG] [de.cadentem.goat_man.GoatMan/]: Cave Dweller could not pass the spawn checks, target: [ServerPlayer['Kratos991'/414, l='ServerLevel[world]', x=1262.44, y=109.00, z=-779.22]]
[20Aug2025 21:52:15.024] [Server thread/DEBUG] [de.cadentem.goat_man.GoatMan/]: Cave Dweller could not pass the spawn checks, target: [ServerPlayer['Kratos991'/414, l='ServerLevel[world]', x=1262.44, y=109.00, z=-779.22]]
[20Aug2025 21:52:17.674] [Server thread/DEBUG] [de.cadentem.goat_man.GoatMan/]: Cave Dweller could not pass the spawn checks, target: [ServerPlayer['Kratos991'/414, l='ServerLevel[world]', x=1262.44, y=109.00, z=-779.22]]
[20Aug2025 21:52:17.824] [Server thread/DEBUG] [de.cadentem.goat_man.GoatMan/]: Cave Dweller could not pass the spawn checks, target: [ServerPlayer['Kratos991'/414, l='ServerLevel[world]', x=1262.44, y=109.00, z=-779.22]]
[20Aug2025 21:52:17.974] [Server thread/DEBUG] [de.cadentem.goat_man.GoatMan/]: Cave Dweller could not pass the spawn checks, target: [ServerPlayer['Kratos991'/414, l='ServerLevel[world]', x=1262.44, y=109.00, z=-779.22]]
[20Aug2025 21:52:19.524] [Server thread/DEBUG] [de.cadentem.goat_man.GoatMan/]: Cave Dweller could not pass the spawn checks, target: [ServerPlayer['Kratos991'/414, l='ServerLevel[world]', x=1262.44, y=109.00, z=-779.22]]
[20Aug2025 21:52:20.774] [Server thread/DEBUG] [de.cadentem.goat_man.GoatMan/]: Cave Dweller could not pass the spawn checks, target: [ServerPlayer['Kratos991'/414, l='ServerLevel[world]', x=1262.44, y=109.00, z=-779.22]]
[20Aug2025 21:52:21.474] [Server thread/DEBUG] [de.cadentem.goat_man.GoatMan/]: Cave Dweller could not pass the spawn checks, target: [ServerPlayer['Kratos991'/414, l='ServerLevel[world]', x=1262.44, y=109.00, z=-779.22]]
[20Aug2025 21:52:22.274] [Server thread/DEBUG] [de.cadentem.goat_man.GoatMan/]: Cave Dweller could not pass the spawn checks, target: [ServerPlayer['Kratos991'/414, l='ServerLevel[world]', x=1262.44, y=109.00, z=-779.22]]
[20Aug2025 21:52:22.324] [Server thread/DEBUG] [de.cadentem.goat_man.GoatMan/]: Cave Dweller could not pass the spawn checks, target: [ServerPlayer['Kratos991'/414, l='ServerLevel[world]', x=1262.44, y=109.00, z=-779.22]]
[20Aug2025 21:52:23.924] [Server thread/DEBUG] [de.cadentem.goat_man.GoatMan/]: Cave Dweller could not pass the spawn checks, target: [ServerPlayer['Kratos991'/414, l='ServerLevel[world]', x=1262.44, y=109.00, z=-779.22]]
[20Aug2025 21:52:24.924] [Server thread/DEBUG] [de.cadentem.goat_man.GoatMan/]: Cave Dweller could not pass the spawn checks, target: [ServerPlayer['Kratos991'/414, l='ServerLevel[world]', x=1262.44, y=109.00, z=-779.22]]
[20Aug2025 21:52:25.774] [Server thread/DEBUG] [de.cadentem.goat_man.GoatMan/]: Cave Dweller could not pass the spawn checks, target: [ServerPlayer['Kratos991'/414, l='ServerLevel[world]', x=1262.44, y=109.00, z=-779.22]]
[20Aug2025 21:52:28.825] [Server thread/DEBUG] [de.cadentem.goat_man.GoatMan/]: Cave Dweller could not pass the spawn checks, target: [ServerPlayer['Kratos991'/414, l='ServerLevel[world]', x=1262.44, y=109.00, z=-779.22]]
[20Aug2025 21:52:30.274] [Server thread/DEBUG] [de.cadentem.goat_man.GoatMan/]: Cave Dweller could not pass the spawn checks, target: [ServerPlayer['Kratos991'/414, l='ServerLevel[world]', x=1262.44, y=109.00, z=-779.22]]
[20Aug2025 21:52:32.824] [Server thread/DEBUG] [de.cadentem.goat_man.GoatMan/]: Cave Dweller could not pass the spawn checks, target: [ServerPlayer['Kratos991'/414, l='ServerLevel[world]', x=1262.44, y=109.00, z=-779.22]]
[20Aug2025 21:52:33.574] [Server thread/DEBUG] [de.cadentem.goat_man.GoatMan/]: Cave Dweller could not pass the spawn checks, target: [ServerPlayer['Kratos991'/414, l='ServerLevel[world]', x=1262.44, y=109.00, z=-779.22]]
[20Aug2025 21:52:33.924] [Server thread/DEBUG] [de.cadentem.goat_man.GoatMan/]: Cave Dweller could not pass the spawn checks, target: [ServerPlayer['Kratos991'/414, l='ServerLevel[world]', x=1262.44, y=109.00, z=-779.22]]
[20Aug2025 21:52:33.974] [Server thread/DEBUG] [de.cadentem.goat_man.GoatMan/]: Cave Dweller could not pass the spawn checks, target: [ServerPlayer['Kratos991'/414, l='ServerLevel[world]', x=1262.44, y=109.00, z=-779.22]]
[20Aug2025 21:52:34.274] [Server thread/DEBUG] [de.cadentem.goat_man.GoatMan/]: Cave Dweller could not pass the spawn checks, target: [ServerPlayer['Kratos991'/414, l='ServerLevel[world]', x=1262.44, y=109.00, z=-779.22]]
[20Aug2025 21:52:34.674] [Server thread/DEBUG] [de.cadentem.goat_man.GoatMan/]: Cave Dweller could not pass the spawn checks, target: [ServerPlayer['Kratos991'/414, l='ServerLevel[world]', x=1262.44, y=109.00, z=-779.22]]
[20Aug2025 21:52:34.874] [Server thread/DEBUG] [de.cadentem.goat_man.GoatMan/]: Cave Dweller could not pass the spawn checks, target: [ServerPlayer['Kratos991'/414, l='ServerLevel[world]', x=1262.44, y=109.00, z=-779.22]]
[20Aug2025 21:52:34.974] [Server thread/DEBUG] [de.cadentem.goat_man.GoatMan/]: Cave Dweller could not pass the spawn checks, target: [ServerPlayer['Kratos991'/414, l='ServerLevel[world]', x=1262.44, y=109.00, z=-779.22]]
[20Aug2025 21:52:36.524] [Server thread/DEBUG] [de.cadentem.goat_man.GoatMan/]: Cave Dweller could not pass the spawn checks, target: [ServerPlayer['Kratos991'/414, l='ServerLevel[world]', x=1262.44, y=109.00, z=-779.22]]
[20Aug2025 21:52:37.524] [Server thread/DEBUG] [de.cadentem.goat_man.GoatMan/]: Cave Dweller could not pass the spawn checks, target: [ServerPlayer['Kratos991'/414, l='ServerLevel[world]', x=1262.44, y=109.00, z=-779.22]]
[20Aug2025 21:52:37.674] [Server thread/DEBUG] [de.cadentem.goat_man.GoatMan/]: Cave Dweller could not pass the spawn checks, target: [ServerPlayer['Kratos991'/414, l='ServerLevel[world]', x=1262.44, y=109.00, z=-779.22]]
[20Aug2025 21:52:39.874] [Server thread/DEBUG] [de.cadentem.goat_man.GoatMan/]: Cave Dweller could not pass the spawn checks, target: [ServerPlayer['Kratos991'/414, l='ServerLevel[world]', x=1262.44, y=109.00, z=-779.22]]
[20Aug2025 21:52:39.974] [Server thread/DEBUG] [de.cadentem.goat_man.GoatMan/]: Cave Dweller could not pass the spawn checks, target: [ServerPlayer['Kratos991'/414, l='ServerLevel[world]', x=1262.44, y=109.00, z=-779.22]]
[20Aug2025 21:52:41.025] [Server thread/DEBUG] [de.cadentem.goat_man.GoatMan/]: Cave Dweller could not pass the spawn checks, target: [ServerPlayer['Kratos991'/414, l='ServerLevel[world]', x=1262.44, y=109.00, z=-779.22]]
[20Aug2025 21:52:43.924] [Server thread/DEBUG] [de.cadentem.goat_man.GoatMan/]: Cave Dweller could not pass the spawn checks, target: [ServerPlayer['Kratos991'/414, l='ServerLevel[world]', x=1262.44, y=109.00, z=-779.22]]
[20Aug2025 21:52:45.174] [Server thread/DEBUG] [de.cadentem.goat_man.GoatMan/]: Cave Dweller could not pass the spawn checks, target: [ServerPlayer['Kratos991'/414, l='ServerLevel[world]', x=1262.44, y=109.00, z=-779.22]]
[20Aug2025 21:52:45.925] [Server thread/DEBUG] [de.cadentem.goat_man.GoatMan/]: Cave Dweller could not pass the spawn checks, target: [ServerPlayer['Kratos991'/414, l='ServerLevel[world]', x=1262.44, y=109.00, z=-779.22]]
[20Aug2025 21:52:47.124] [Server thread/DEBUG] [de.cadentem.goat_man.GoatMan/]: Cave Dweller could not pass the spawn checks, target: [ServerPlayer['Kratos991'/414, l='ServerLevel[world]', x=1262.44, y=109.00, z=-779.22]]
[20Aug2025 21:52:47.224] [Server thread/DEBUG] [de.cadentem.goat_man.GoatMan/]: Cave Dweller could not pass the spawn checks, target: [ServerPlayer['Kratos991'/414, l='ServerLevel[world]', x=1262.44, y=109.00, z=-779.22]]
[20Aug2025 21:52:47.724] [Server thread/DEBUG] [de.cadentem.goat_man.GoatMan/]: Cave Dweller could not pass the spawn checks, target: [ServerPlayer['Kratos991'/414, l='ServerLevel[world]', x=1262.44, y=109.00, z=-779.22]]
[20Aug2025 21:52:48.324] [Server thread/DEBUG] [de.cadentem.goat_man.GoatMan/]: Cave Dweller could not pass the spawn checks, target: [ServerPlayer['Kratos991'/414, l='ServerLevel[world]', x=1262.44, y=109.00, z=-779.22]]
[20Aug2025 21:52:48.474] [Server thread/DEBUG] [de.cadentem.goat_man.GoatMan/]: Cave Dweller could not pass the spawn checks, target: [ServerPlayer['Kratos991'/414, l='ServerLevel[world]', x=1262.44, y=109.00, z=-779.22]]
[20Aug2025 21:52:49.074] [Server thread/DEBUG] [de.cadentem.goat_man.GoatMan/]: Cave Dweller could not pass the spawn checks, target: [ServerPlayer['Kratos991'/414, l='ServerLevel[world]', x=1262.44, y=109.00, z=-779.22]]
[20Aug2025 21:52:50.324] [Server thread/DEBUG] [de.cadentem.goat_man.GoatMan/]: Cave Dweller could not pass the spawn checks, target: [ServerPlayer['Kratos991'/414, l='ServerLevel[world]', x=1262.44, y=109.00, z=-779.22]]
[20Aug2025 21:52:51.574] [Server thread/DEBUG] [de.cadentem.goat_man.GoatMan/]: Cave Dweller could not pass the spawn checks, target: [ServerPlayer['Kratos991'/414, l='ServerLevel[world]', x=1262.44, y=109.00, z=-779.22]]
[20Aug2025 21:52:51.824] [Server thread/DEBUG] [de.cadentem.goat_man.GoatMan/]: Cave Dweller could not pass the spawn checks, target: [ServerPlayer['Kratos991'/414, l='ServerLevel[world]', x=1262.44, y=109.00, z=-779.22]]
[20Aug2025 21:52:52.524] [Server thread/DEBUG] [de.cadentem.goat_man.GoatMan/]: Cave Dweller could not pass the spawn checks, target: [ServerPlayer['Kratos991'/414, l='ServerLevel[world]', x=1262.44, y=109.00, z=-779.22]]
[20Aug2025 21:52:53.274] [Server thread/DEBUG] [de.cadentem.goat_man.GoatMan/]: Cave Dweller could not pass the spawn checks, target: [ServerPlayer['Kratos991'/414, l='ServerLevel[world]', x=1262.44, y=109.00, z=-779.22]]
[20Aug2025 21:52:53.674] [Server thread/DEBUG] [de.cadentem.goat_man.GoatMan/]: Cave Dweller could not pass the spawn checks, target: [ServerPlayer['Kratos991'/414, l='ServerLevel[world]', x=1262.44, y=109.00, z=-779.22]]
[20Aug2025 21:52:53.774] [Server thread/DEBUG] [de.cadentem.goat_man.GoatMan/]: Cave Dweller could not pass the spawn checks, target: [ServerPlayer['Kratos991'/414, l='ServerLevel[world]', x=1262.44, y=109.00, z=-779.22]]
[20Aug2025 21:52:55.774] [Server thread/DEBUG] [de.cadentem.goat_man.GoatMan/]: Cave Dweller could not pass the spawn checks, target: [ServerPlayer['Kratos991'/414, l='ServerLevel[world]', x=1262.44, y=109.00, z=-779.22]]
[20Aug2025 21:52:56.274] [Server thread/DEBUG] [de.cadentem.goat_man.GoatMan/]: Cave Dweller could not pass the spawn checks, target: [ServerPlayer['Kratos991'/414, l='ServerLevel[world]', x=1262.44, y=109.00, z=-779.22]]
[20Aug2025 21:52:56.324] [Server thread/DEBUG] [de.cadentem.goat_man.GoatMan/]: Cave Dweller could not pass the spawn checks, target: [ServerPlayer['Kratos991'/414, l='ServerLevel[world]', x=1262.44, y=109.00, z=-779.22]]
[20Aug2025 21:52:56.975] [Server thread/DEBUG] [de.cadentem.goat_man.GoatMan/]: Cave Dweller could not pass the spawn checks, target: [ServerPlayer['Kratos991'/414, l='ServerLevel[world]', x=1262.44, y=109.00, z=-779.22]]
[20Aug2025 21:52:58.074] [Server thread/DEBUG] [de.cadentem.goat_man.GoatMan/]: Cave Dweller could not pass the spawn checks, target: [ServerPlayer['Kratos991'/414, l='ServerLevel[world]', x=1262.44, y=109.00, z=-779.22]]
[20Aug2025 21:52:58.774] [Server thread/DEBUG] [de.cadentem.goat_man.GoatMan/]: Cave Dweller could not pass the spawn checks, target: [ServerPlayer['Kratos991'/414, l='ServerLevel[world]', x=1262.44, y=109.00, z=-779.22]]
[20Aug2025 21:52:59.374] [Server thread/DEBUG] [de.cadentem.goat_man.GoatMan/]: Cave Dweller could not pass the spawn checks, target: [ServerPlayer['Kratos991'/414, l='ServerLevel[world]', x=1262.44, y=109.00, z=-779.22]]
[20Aug2025 21:52:59.724] [Server thread/DEBUG] [de.cadentem.goat_man.GoatMan/]: Cave Dweller could not pass the spawn checks, target: [ServerPlayer['Kratos991'/414, l='ServerLevel[world]', x=1262.44, y=109.00, z=-779.22]]
[20Aug2025 21:53:00.874] [Server thread/DEBUG] [de.cadentem.goat_man.GoatMan/]: Cave Dweller could not pass the spawn checks, target: [ServerPlayer['Kratos991'/414, l='ServerLevel[world]', x=1262.44, y=109.00, z=-779.22]]
[20Aug2025 21:53:04.374] [Server thread/DEBUG] [de.cadentem.goat_man.GoatMan/]: Cave Dweller could not pass the spawn checks, target: [ServerPlayer['Kratos991'/414, l='ServerLevel[world]', x=1262.44, y=109.00, z=-779.22]]
[20Aug2025 21:53:04.474] [Server thread/DEBUG] [de.cadentem.goat_man.GoatMan/]: Cave Dweller could not pass the spawn checks, target: [ServerPlayer['Kratos991'/414, l='ServerLevel[world]', x=1262.44, y=109.00, z=-779.22]]
[20Aug2025 21:53:06.074] [Server thread/DEBUG] [de.cadentem.goat_man.GoatMan/]: Cave Dweller could not pass the spawn checks, target: [ServerPlayer['Kratos991'/414, l='ServerLevel[world]', x=1262.44, y=109.00, z=-779.22]]
[20Aug2025 21:53:06.624] [Server thread/DEBUG] [de.cadentem.goat_man.GoatMan/]: Cave Dweller could not pass the spawn checks, target: [ServerPlayer['Kratos991'/414, l='ServerLevel[world]', x=1262.44, y=109.00, z=-779.22]]
[20Aug2025 21:53:07.924] [Server thread/DEBUG] [de.cadentem.goat_man.GoatMan/]: Cave Dweller could not pass the spawn checks, target: [ServerPlayer['Kratos991'/414, l='ServerLevel[world]', x=1262.44, y=109.00, z=-779.22]]
[20Aug2025 21:53:08.024] [Server thread/DEBUG] [de.cadentem.goat_man.GoatMan/]: Cave Dweller could not pass the spawn checks, target: [ServerPlayer['Kratos991'/414, l='ServerLevel[world]', x=1262.44, y=109.00, z=-779.22]]
[20Aug2025 21:53:08.224] [Server thread/DEBUG] [de.cadentem.goat_man.GoatMan/]: Cave Dweller could not pass the spawn checks, target: [ServerPlayer['Kratos991'/414, l='ServerLevel[world]', x=1262.44, y=109.00, z=-779.22]]
[20Aug2025 21:53:13.724] [Server thread/DEBUG] [de.cadentem.goat_man.GoatMan/]: Cave Dweller could not pass the spawn checks, target: [ServerPlayer['Kratos991'/414, l='ServerLevel[world]', x=1262.44, y=109.00, z=-779.22]]
[20Aug2025 21:53:14.724] [Server thread/DEBUG] [de.cadentem.goat_man.GoatMan/]: Cave Dweller could not pass the spawn checks, target: [ServerPlayer['Kratos991'/414, l='ServerLevel[world]', x=1262.44, y=109.00, z=-779.22]]
[20Aug2025 21:53:15.474] [Server thread/DEBUG] [de.cadentem.goat_man.GoatMan/]: Cave Dweller could not pass the spawn checks, target: [ServerPlayer['Kratos991'/414, l='ServerLevel[world]', x=1262.44, y=109.00, z=-779.22]]
[20Aug2025 21:53:15.574] [Server thread/DEBUG] [de.cadentem.goat_man.GoatMan/]: Cave Dweller could not pass the spawn checks, target: [ServerPlayer['Kratos991'/414, l='ServerLevel[world]', x=1262.44, y=109.00, z=-779.22]]
[20Aug2025 21:53:17.824] [Server thread/DEBUG] [de.cadentem.goat_man.GoatMan/]: Cave Dweller could not pass the spawn checks, target: [ServerPlayer['Kratos991'/414, l='ServerLevel[world]', x=1262.44, y=109.00, z=-779.22]]
[20Aug2025 21:53:18.324] [Server thread/DEBUG] [de.cadentem.goat_man.GoatMan/]: Cave Dweller could not pass the spawn checks, target: [ServerPlayer['Kratos991'/414, l='ServerLevel[world]', x=1262.44, y=109.00, z=-779.22]]
[20Aug2025 21:53:18.974] [Server thread/DEBUG] [de.cadentem.goat_man.GoatMan/]: Cave Dweller could not pass the spawn checks, target: [ServerPlayer['Kratos991'/414, l='ServerLevel[world]', x=1262.44, y=109.00, z=-779.22]]
[20Aug2025 21:53:24.074] [Server thread/DEBUG] [de.cadentem.goat_man.GoatMan/]: Cave Dweller could not pass the spawn checks, target: [ServerPlayer['Kratos991'/414, l='ServerLevel[world]', x=1262.44, y=109.00, z=-779.22]]
[20Aug2025 21:53:24.524] [Server thread/DEBUG] [de.cadentem.goat_man.GoatMan/]: Cave Dweller could not pass the spawn checks, target: [ServerPlayer['Kratos991'/414, l='ServerLevel[world]', x=1262.44, y=109.00, z=-779.22]]
[20Aug2025 21:53:25.474] [Server thread/DEBUG] [de.cadentem.goat_man.GoatMan/]: Cave Dweller could not pass the spawn checks, target: [ServerPlayer['Kratos991'/414, l='ServerLevel[world]', x=1262.44, y=109.00, z=-779.22]]
[20Aug2025 21:53:25.724] [Server thread/DEBUG] [de.cadentem.goat_man.GoatMan/]: Cave Dweller could not pass the spawn checks, target: [ServerPlayer['Kratos991'/414, l='ServerLevel[world]', x=1262.44, y=109.00, z=-779.22]]
[20Aug2025 21:53:26.424] [Server thread/DEBUG] [de.cadentem.goat_man.GoatMan/]: Cave Dweller could not pass the spawn checks, target: [ServerPlayer['Kratos991'/414, l='ServerLevel[world]', x=1262.44, y=109.00, z=-779.22]]
[20Aug2025 21:53:26.624] [Server thread/DEBUG] [de.cadentem.goat_man.GoatMan/]: Cave Dweller could not pass the spawn checks, target: [ServerPlayer['Kratos991'/414, l='ServerLevel[world]', x=1262.44, y=109.00, z=-779.22]]
[20Aug2025 21:53:27.274] [Server thread/DEBUG] [de.cadentem.goat_man.GoatMan/]: Cave Dweller could not pass the spawn checks, target: [ServerPlayer['Kratos991'/414, l='ServerLevel[world]', x=1262.44, y=109.00, z=-779.22]]
[20Aug2025 21:53:28.624] [Server thread/DEBUG] [de.cadentem.goat_man.GoatMan/]: Cave Dweller could not pass the spawn checks, target: [ServerPlayer['Kratos991'/414, l='ServerLevel[world]', x=1262.44, y=109.00, z=-779.22]]
[20Aug2025 21:53:29.274] [Server thread/DEBUG] [de.cadentem.goat_man.GoatMan/]: Cave Dweller could not pass the spawn checks, target: [ServerPlayer['Kratos991'/414, l='ServerLevel[world]', x=1262.44, y=109.00, z=-779.22]]
[20Aug2025 21:53:29.574] [Server thread/DEBUG] [de.cadentem.goat_man.GoatMan/]: Cave Dweller could not pass the spawn checks, target: [ServerPlayer['Kratos991'/414, l='ServerLevel[world]', x=1262.44, y=109.00, z=-779.22]]
[20Aug2025 21:53:30.874] [Server thread/DEBUG] [de.cadentem.goat_man.GoatMan/]: Cave Dweller could not pass the spawn checks, target: [ServerPlayer['Kratos991'/414, l='ServerLevel[world]', x=1262.44, y=109.00, z=-779.22]]
[20Aug2025 21:53:31.474] [Server thread/DEBUG] [de.cadentem.goat_man.GoatMan/]: Cave Dweller could not pass the spawn checks, target: [ServerPlayer['Kratos991'/414, l='ServerLevel[world]', x=1262.44, y=109.00, z=-779.22]]
[20Aug2025 21:53:32.074] [Server thread/DEBUG] [de.cadentem.goat_man.GoatMan/]: Cave Dweller could not pass the spawn checks, target: [ServerPlayer['Kratos991'/414, l='ServerLevel[world]', x=1262.44, y=109.00, z=-779.22]]
[20Aug2025 21:53:33.874] [Server thread/DEBUG] [de.cadentem.goat_man.GoatMan/]: Cave Dweller could not pass the spawn checks, target: [ServerPlayer['Kratos991'/414, l='ServerLevel[world]', x=1262.44, y=109.00, z=-779.22]]
[20Aug2025 21:53:34.474] [Server thread/DEBUG] [de.cadentem.goat_man.GoatMan/]: Cave Dweller could not pass the spawn checks, target: [ServerPlayer['Kratos991'/414, l='ServerLevel[world]', x=1262.44, y=109.00, z=-779.22]]
[20Aug2025 21:53:35.124] [Server thread/DEBUG] [de.cadentem.goat_man.GoatMan/]: Cave Dweller could not pass the spawn checks, target: [ServerPlayer['Kratos991'/414, l='ServerLevel[world]', x=1262.44, y=109.00, z=-779.22]]
[20Aug2025 21:53:36.424] [Server thread/DEBUG] [de.cadentem.goat_man.GoatMan/]: Cave Dweller could not pass the spawn checks, target: [ServerPlayer['Kratos991'/414, l='ServerLevel[world]', x=1262.44, y=109.00, z=-779.22]]
[20Aug2025 21:53:39.274] [Server thread/DEBUG] [de.cadentem.goat_man.GoatMan/]: Cave Dweller could not pass the spawn checks, target: [ServerPlayer['Kratos991'/414, l='ServerLevel[world]', x=1262.44, y=109.00, z=-779.22]]
[20Aug2025 21:53:40.974] [Server thread/DEBUG] [de.cadentem.goat_man.GoatMan/]: Cave Dweller could not pass the spawn checks, target: [ServerPlayer['Kratos991'/414, l='ServerLevel[world]', x=1262.44, y=109.00, z=-779.22]]
[20Aug2025 21:53:41.224] [Server thread/DEBUG] [de.cadentem.goat_man.GoatMan/]: Cave Dweller could not pass the spawn checks, target: [ServerPlayer['Kratos991'/414, l='ServerLevel[world]', x=1262.44, y=109.00, z=-779.22]]
[20Aug2025 21:53:42.524] [Server thread/DEBUG] [de.cadentem.goat_man.GoatMan/]: Cave Dweller could not pass the spawn checks, target: [ServerPlayer['Kratos991'/414, l='ServerLevel[world]', x=1262.44, y=109.00, z=-779.22]]
[20Aug2025 21:53:42.574] [Server thread/DEBUG] [de.cadentem.goat_man.GoatMan/]: Cave Dweller could not pass the spawn checks, target: [ServerPlayer['Kratos991'/414, l='ServerLevel[world]', x=1262.44, y=109.00, z=-779.22]]
[20Aug2025 21:53:43.924] [Server thread/DEBUG] [de.cadentem.goat_man.GoatMan/]: Cave Dweller could not pass the spawn checks, target: [ServerPlayer['Kratos991'/414, l='ServerLevel[world]', x=1262.44, y=109.00, z=-779.22]]
[20Aug2025 21:53:44.074] [Server thread/DEBUG] [de.cadentem.goat_man.GoatMan/]: Cave Dweller could not pass the spawn checks, target: [ServerPlayer['Kratos991'/414, l='ServerLevel[world]', x=1262.44, y=109.00, z=-779.22]]
[20Aug2025 21:53:44.774] [Server thread/DEBUG] [de.cadentem.goat_man.GoatMan/]: Cave Dweller could not pass the spawn checks, target: [ServerPlayer['Kratos991'/414, l='ServerLevel[world]', x=1262.44, y=109.00, z=-779.22]]
[20Aug2025 21:53:45.574] [Server thread/DEBUG] [de.cadentem.goat_man.GoatMan/]: Cave Dweller could not pass the spawn checks, target: [ServerPlayer['Kratos991'/414, l='ServerLevel[world]', x=1262.44, y=109.00, z=-779.22]]
[20Aug2025 21:53:47.024] [Server thread/DEBUG] [de.cadentem.goat_man.GoatMan/]: Cave Dweller could not pass the spawn checks, target: [ServerPlayer['Kratos991'/414, l='ServerLevel[world]', x=1262.44, y=109.00, z=-779.22]]
[20Aug2025 21:53:48.124] [Server thread/DEBUG] [de.cadentem.goat_man.GoatMan/]: Cave Dweller could not pass the spawn checks, target: [ServerPlayer['Kratos991'/414, l='ServerLevel[world]', x=1262.44, y=109.00, z=-779.22]]
[20Aug2025 21:53:49.275] [Server thread/DEBUG] [de.cadentem.goat_man.GoatMan/]: Cave Dweller could not pass the spawn checks, target: [ServerPlayer['Kratos991'/414, l='ServerLevel[world]', x=1262.44, y=109.00, z=-779.22]]
[20Aug2025 21:53:49.924] [Server thread/DEBUG] [de.cadentem.goat_man.GoatMan/]: Cave Dweller could not pass the spawn checks, target: [ServerPlayer['Kratos991'/414, l='ServerLevel[world]', x=1262.44, y=109.00, z=-779.22]]
[20Aug2025 21:53:51.324] [Server thread/DEBUG] [de.cadentem.goat_man.GoatMan/]: Cave Dweller could not pass the spawn checks, target: [ServerPlayer['Kratos991'/414, l='ServerLevel[world]', x=1262.44, y=109.00, z=-779.22]]
[20Aug2025 21:53:51.724] [Server thread/DEBUG] [de.cadentem.goat_man.GoatMan/]: Cave Dweller could not pass the spawn checks, target: [ServerPlayer['Kratos991'/414, l='ServerLevel[world]', x=1262.44, y=109.00, z=-779.22]]
[20Aug2025 21:53:52.624] [Server thread/DEBUG] [de.cadentem.goat_man.GoatMan/]: Cave Dweller could not pass the spawn checks, target: [ServerPlayer['Kratos991'/414, l='ServerLevel[world]', x=1262.44, y=109.00, z=-779.22]]
[20Aug2025 21:53:53.974] [Server thread/DEBUG] [de.cadentem.goat_man.GoatMan/]: Cave Dweller could not pass the spawn checks, target: [ServerPlayer['Kratos991'/414, l='ServerLevel[world]', x=1262.44, y=109.00, z=-779.22]]
[20Aug2025 21:53:54.574] [Server thread/DEBUG] [de.cadentem.goat_man.GoatMan/]: Cave Dweller could not pass the spawn checks, target: [ServerPlayer['Kratos991'/414, l='ServerLevel[world]', x=1262.44, y=109.00, z=-779.22]]
[20Aug2025 21:53:55.774] [Server thread/DEBUG] [de.cadentem.goat_man.GoatMan/]: Cave Dweller could not pass the spawn checks, target: [ServerPlayer['Kratos991'/414, l='ServerLevel[world]', x=1262.44, y=109.00, z=-779.22]]
[20Aug2025 21:53:56.924] [Server thread/DEBUG] [de.cadentem.goat_man.GoatMan/]: Cave Dweller could not pass the spawn checks, target: [ServerPlayer['Kratos991'/414, l='ServerLevel[world]', x=1262.44, y=109.00, z=-779.22]]
[20Aug2025 21:53:59.274] [Server thread/DEBUG] [de.cadentem.goat_man.GoatMan/]: Cave Dweller could not pass the spawn checks, target: [ServerPlayer['Kratos991'/414, l='ServerLevel[world]', x=1262.44, y=109.00, z=-779.22]]
[20Aug2025 21:54:02.524] [Server thread/DEBUG] [de.cadentem.goat_man.GoatMan/]: Cave Dweller could not pass the spawn checks, target: [ServerPlayer['Kratos991'/414, l='ServerLevel[world]', x=1262.44, y=109.00, z=-779.22]]
[20Aug2025 21:54:03.224] [Server thread/DEBUG] [de.cadentem.goat_man.GoatMan/]: Cave Dweller could not pass the spawn checks, target: [ServerPlayer['Kratos991'/414, l='ServerLevel[world]', x=1262.44, y=109.00, z=-779.22]]
[20Aug2025 21:54:03.327] [Server thread/DEBUG] [de.cadentem.goat_man.GoatMan/]: Cave Dweller could not pass the spawn checks, target: [ServerPlayer['Kratos991'/414, l='ServerLevel[world]', x=1262.44, y=109.00, z=-779.22]]
[20Aug2025 21:54:03.374] [Server thread/DEBUG] [de.cadentem.goat_man.GoatMan/]: Cave Dweller could not pass the spawn checks, target: [ServerPlayer['Kratos991'/414, l='ServerLevel[world]', x=1262.44, y=109.00, z=-779.22]]
[20Aug2025 21:54:03.974] [Server thread/DEBUG] [de.cadentem.goat_man.GoatMan/]: Cave Dweller could not pass the spawn checks, target: [ServerPlayer['Kratos991'/414, l='ServerLevel[world]', x=1262.44, y=109.00, z=-779.22]]
[20Aug2025 21:54:05.624] [Server thread/DEBUG] [de.cadentem.goat_man.GoatMan/]: Cave Dweller could not pass the spawn checks, target: [ServerPlayer['Kratos991'/414, l='ServerLevel[world]', x=1262.44, y=109.00, z=-779.22]]
[20Aug2025 21:54:05.824] [Server thread/DEBUG] [de.cadentem.goat_man.GoatMan/]: Cave Dweller could not pass the spawn checks, target: [ServerPlayer['Kratos991'/414, l='ServerLevel[world]', x=1262.44, y=109.00, z=-779.22]]
[20Aug2025 21:54:06.474] [Server thread/DEBUG] [de.cadentem.goat_man.GoatMan/]: Cave Dweller could not pass the spawn checks, target: [ServerPlayer['Kratos991'/414, l='ServerLevel[world]', x=1262.44, y=109.00, z=-779.22]]
[20Aug2025 21:54:07.575] [Server thread/DEBUG] [de.cadentem.goat_man.GoatMan/]: Cave Dweller could not pass the spawn checks, target: [ServerPlayer['Kratos991'/414, l='ServerLevel[world]', x=1262.44, y=109.00, z=-779.22]]
[20Aug2025 21:54:09.124] [Server thread/DEBUG] [de.cadentem.goat_man.GoatMan/]: Cave Dweller could not pass the spawn checks, target: [ServerPlayer['Kratos991'/414, l='ServerLevel[world]', x=1262.44, y=109.00, z=-779.22]]
[20Aug2025 21:54:09.224] [Server thread/DEBUG] [de.cadentem.goat_man.GoatMan/]: Cave Dweller could not pass the spawn checks, target: [ServerPlayer['Kratos991'/414, l='ServerLevel[world]', x=1262.44, y=109.00, z=-779.22]]
[20Aug2025 21:54:14.174] [Server thread/DEBUG] [de.cadentem.goat_man.GoatMan/]: Cave Dweller could not pass the spawn checks, target: [ServerPlayer['Kratos991'/414, l='ServerLevel[world]', x=1262.44, y=109.00, z=-779.22]]
[20Aug2025 21:54:14.274] [Server thread/DEBUG] [de.cadentem.goat_man.GoatMan/]: Cave Dweller could not pass the spawn checks, target: [ServerPlayer['Kratos991'/414, l='ServerLevel[world]', x=1262.44, y=109.00, z=-779.22]]
[20Aug2025 21:54:14.324] [Server thread/DEBUG] [de.cadentem.goat_man.GoatMan/]: Cave Dweller could not pass the spawn checks, target: [ServerPlayer['Kratos991'/414, l='ServerLevel[world]', x=1262.44, y=109.00, z=-779.22]]
[20Aug2025 21:54:14.474] [Server thread/DEBUG] [de.cadentem.goat_man.GoatMan/]: Cave Dweller could not pass the spawn checks, target: [ServerPlayer['Kratos991'/414, l='ServerLevel[world]', x=1262.44, y=109.00, z=-779.22]]
[20Aug2025 21:54:14.874] [Server thread/DEBUG] [de.cadentem.goat_man.GoatMan/]: Cave Dweller could not pass the spawn checks, target: [ServerPlayer['Kratos991'/414, l='ServerLevel[world]', x=1262.44, y=109.00, z=-779.22]]
[20Aug2025 21:54:15.474] [Server thread/DEBUG] [de.cadentem.goat_man.GoatMan/]: Cave Dweller could not pass the spawn checks, target: [ServerPlayer['Kratos991'/414, l='ServerLevel[world]', x=1262.44, y=109.00, z=-779.22]]
[20Aug2025 21:54:16.175] [Server thread/DEBUG] [de.cadentem.goat_man.GoatMan/]: Cave Dweller could not pass the spawn checks, target: [ServerPlayer['Kratos991'/414, l='ServerLevel[world]', x=1262.44, y=109.00, z=-779.22]]
[20Aug2025 21:54:20.024] [Server thread/DEBUG] [de.cadentem.goat_man.GoatMan/]: Cave Dweller could not pass the spawn checks, target: [ServerPlayer['Kratos991'/414, l='ServerLevel[world]', x=1262.44, y=109.00, z=-779.22]]
[20Aug2025 21:54:20.424] [Server thread/DEBUG] [de.cadentem.goat_man.GoatMan/]: Cave Dweller could not pass the spawn checks, target: [ServerPlayer['Kratos991'/414, l='ServerLevel[world]', x=1262.44, y=109.00, z=-779.22]]
[20Aug2025 21:54:21.374] [Server thread/DEBUG] [de.cadentem.goat_man.GoatMan/]: Cave Dweller could not pass the spawn checks, target: [ServerPlayer['Kratos991'/414, l='ServerLevel[world]', x=1262.44, y=109.00, z=-779.22]]
[20Aug2025 21:54:22.174] [Server thread/DEBUG] [de.cadentem.goat_man.GoatMan/]: Cave Dweller could not pass the spawn checks, target: [ServerPlayer['Kratos991'/414, l='ServerLevel[world]', x=1262.44, y=109.00, z=-779.22]]
[20Aug2025 21:54:23.274] [Server thread/DEBUG] [de.cadentem.goat_man.GoatMan/]: Cave Dweller could not pass the spawn checks, target: [ServerPlayer['Kratos991'/414, l='ServerLevel[world]', x=1262.44, y=109.00, z=-779.22]]
[20Aug2025 21:54:24.424] [Server thread/DEBUG] [de.cadentem.goat_man.GoatMan/]: Cave Dweller could not pass the spawn checks, target: [ServerPlayer['Kratos991'/414, l='ServerLevel[world]', x=1262.44, y=109.00, z=-779.22]]
[20Aug2025 21:54:25.775] [Server thread/DEBUG] [de.cadentem.goat_man.GoatMan/]: Cave Dweller could not pass the spawn checks, target: [ServerPlayer['Kratos991'/414, l='ServerLevel[world]', x=1262.44, y=109.00, z=-779.22]]
[20Aug2025 21:54:28.375] [Server thread/DEBUG] [de.cadentem.goat_man.GoatMan/]: Cave Dweller could not pass the spawn checks, target: [ServerPlayer['Kratos991'/414, l='ServerLevel[world]', x=1262.44, y=109.00, z=-779.22]]
[20Aug2025 21:54:28.774] [Server thread/DEBUG] [de.cadentem.goat_man.GoatMan/]: Cave Dweller could not pass the spawn checks, target: [ServerPlayer['Kratos991'/414, l='ServerLevel[world]', x=1262.44, y=109.00, z=-779.22]]
[20Aug2025 21:54:29.324] [Server thread/DEBUG] [de.cadentem.goat_man.GoatMan/]: Cave Dweller could not pass the spawn checks, target: [ServerPlayer['Kratos991'/414, l='ServerLevel[world]', x=1262.44, y=109.00, z=-779.22]]
[20Aug2025 21:54:29.725] [Server thread/DEBUG] [de.cadentem.goat_man.GoatMan/]: Cave Dweller could not pass the spawn checks, target: [ServerPlayer['Kratos991'/414, l='ServerLevel[world]', x=1262.44, y=109.00, z=-779.22]]
[20Aug2025 21:55:20.148] [Server thread/DEBUG] [net.minecraftforge.common.ForgeHooks/WP]: Gathering id map for writing to world save world
[20Aug2025 21:55:20.156] [Server thread/DEBUG] [net.minecraftforge.common.ForgeHooks/WP]: ID Map collection complete world
[20Aug2025 22:00:20.172] [Server thread/DEBUG] [net.minecraftforge.common.ForgeHooks/WP]: Gathering id map for writing to world save world
[20Aug2025 22:00:20.180] [Server thread/DEBUG] [net.minecraftforge.common.ForgeHooks/WP]: ID Map collection complete world
[20Aug2025 22:05:20.131] [Server thread/DEBUG] [net.minecraftforge.common.ForgeHooks/WP]: Gathering id map for writing to world save world
[20Aug2025 22:05:20.136] [Server thread/DEBUG] [net.minecraftforge.common.ForgeHooks/WP]: ID Map collection complete world
